2025-07-24 16:29:36 [32minfo[39m: PostgreSQL connected successfully
2025-07-24 16:29:37 [32minfo[39m: MongoDB connected successfully
2025-07-24 16:29:37 [32minfo[39m: All databases initialized successfully
2025-07-24 16:29:37 [32minfo[39m: Server is running on port 5000
2025-07-24 16:30:31 [32minfo[39m: User logged in: user_3
2025-07-24 16:30:39 [32minfo[39m: User logged in: admin
2025-07-24 16:31:20 [32minfo[39m: PostgreSQL connected successfully
2025-07-24 16:31:20 [32minfo[39m: MongoDB connected successfully
2025-07-24 16:31:20 [32minfo[39m: All databases initialized successfully
2025-07-24 16:31:20 [32minfo[39m: Server is running on port 5000
2025-07-24 16:31:23 [32minfo[39m: PostgreSQL connected successfully
2025-07-24 16:31:23 [32minfo[39m: MongoDB connected successfully
2025-07-24 16:31:23 [32minfo[39m: All databases initialized successfully
2025-07-24 16:31:23 [32minfo[39m: Server is running on port 5000
2025-07-24 16:31:49 [31merror[39m: Error creating place: PlaceModel.create is not a function
2025-07-24 16:32:40 [32minfo[39m: PostgreSQL connected successfully
2025-07-24 16:32:42 [32minfo[39m: PostgreSQL connected successfully
2025-07-24 16:32:43 [32minfo[39m: MongoDB connected successfully
2025-07-24 16:32:43 [32minfo[39m: All databases initialized successfully
2025-07-24 16:32:43 [32minfo[39m: Server is running on port 5000
2025-07-24 16:32:47 [32minfo[39m: PostgreSQL connected successfully
2025-07-24 16:32:47 [32minfo[39m: MongoDB connected successfully
2025-07-24 16:32:47 [32minfo[39m: All databases initialized successfully
2025-07-24 16:32:47 [32minfo[39m: Server is running on port 5000
2025-07-24 16:32:53 [32minfo[39m: PostgreSQL connected successfully
2025-07-24 16:32:54 [32minfo[39m: MongoDB connected successfully
2025-07-24 16:32:54 [32minfo[39m: All databases initialized successfully
2025-07-24 16:32:54 [32minfo[39m: Server is running on port 5000
2025-07-24 16:32:59 [32minfo[39m: PostgreSQL connected successfully
2025-07-24 16:33:00 [32minfo[39m: MongoDB connected successfully
2025-07-24 16:33:00 [32minfo[39m: All databases initialized successfully
2025-07-24 16:33:00 [32minfo[39m: Server is running on port 5000
2025-07-24 16:33:02 [32minfo[39m: PostgreSQL connected successfully
2025-07-24 16:33:03 [32minfo[39m: MongoDB connected successfully
2025-07-24 16:33:03 [32minfo[39m: All databases initialized successfully
2025-07-24 16:33:03 [32minfo[39m: Server is running on port 5000
2025-07-24 16:33:06 [32minfo[39m: PostgreSQL connected successfully
2025-07-24 16:33:07 [32minfo[39m: MongoDB connected successfully
2025-07-24 16:33:07 [32minfo[39m: All databases initialized successfully
2025-07-24 16:33:07 [32minfo[39m: Server is running on port 5000
2025-07-24 16:33:11 [32minfo[39m: PostgreSQL connected successfully
2025-07-24 16:33:12 [32minfo[39m: PostgreSQL connected successfully
2025-07-24 16:33:13 [32minfo[39m: MongoDB connected successfully
2025-07-24 16:33:13 [32minfo[39m: All databases initialized successfully
2025-07-24 16:33:13 [32minfo[39m: Server is running on port 5000
2025-07-24 16:34:08 [32minfo[39m: PostgreSQL connected successfully
2025-07-24 16:34:09 [32minfo[39m: MongoDB connected successfully
2025-07-24 16:34:09 [32minfo[39m: All databases initialized successfully
2025-07-24 16:34:09 [32minfo[39m: Server is running on port 5000
2025-07-24 16:34:40 [32minfo[39m: PostgreSQL connected successfully
2025-07-24 16:34:41 [32minfo[39m: MongoDB connected successfully
2025-07-24 16:34:41 [32minfo[39m: All databases initialized successfully
2025-07-24 16:34:41 [32minfo[39m: Server is running on port 5000
2025-07-24 16:39:23 [32minfo[39m: User logged in: admin
2025-07-24 16:39:24 [32minfo[39m: User logged in: admin
2025-07-24 16:39:24 [32minfo[39m: User logged in: admin
2025-07-24 16:39:24 [32minfo[39m: User logged in: admin
2025-07-24 16:39:24 [32minfo[39m: User logged in: admin
2025-07-24 16:39:26 [32minfo[39m: User logged in: admin
2025-07-24 16:39:26 [32minfo[39m: User logged in: admin
2025-07-24 16:39:27 [32minfo[39m: User logged in: admin
2025-07-24 16:39:27 [32minfo[39m: User logged in: admin
2025-07-24 16:39:27 [32minfo[39m: User logged in: admin
2025-07-24 16:39:27 [32minfo[39m: User logged in: admin
2025-07-24 16:39:29 [32minfo[39m: User logged in: admin
2025-07-24 16:45:24 [32minfo[39m: PostgreSQL connected successfully
2025-07-24 16:45:25 [32minfo[39m: MongoDB connected successfully
2025-07-24 16:45:25 [32minfo[39m: All databases initialized successfully
2025-07-24 16:45:25 [32minfo[39m: Server is running on port 5000
2025-07-24 16:45:29 [32minfo[39m: Service: Created place: Тестовая точка
2025-07-24 16:47:45 [32minfo[39m: User logged in: admin
2025-07-24 16:47:46 [32minfo[39m: User logged in: admin
2025-07-24 16:47:46 [32minfo[39m: User logged in: admin
2025-07-24 16:47:46 [32minfo[39m: User logged in: admin
2025-07-24 16:52:11 [32minfo[39m: User logged in: admin
2025-07-24 16:52:11 [32minfo[39m: User logged in: admin
2025-07-24 16:52:12 [32minfo[39m: User logged in: admin
2025-07-24 16:52:12 [32minfo[39m: User logged in: admin
2025-07-24 16:52:12 [32minfo[39m: User logged in: admin
2025-07-24 16:52:14 [32minfo[39m: User logged in: admin
2025-07-24 16:54:47 [32minfo[39m: PostgreSQL connected successfully
2025-07-24 16:54:48 [32minfo[39m: MongoDB connected successfully
2025-07-24 16:54:48 [32minfo[39m: All databases initialized successfully
2025-07-24 16:54:48 [32minfo[39m: Server is running on port 5000
2025-07-24 16:56:20 [32minfo[39m: User logged in: admin
2025-07-24 17:05:52 [32minfo[39m: PostgreSQL connected successfully
2025-07-24 17:05:53 [32minfo[39m: MongoDB connected successfully
2025-07-24 17:05:53 [32minfo[39m: All databases initialized successfully
2025-07-24 17:05:53 [32minfo[39m: Server is running on port 5000
2025-07-24 17:05:57 [32minfo[39m: Fetched 11 users
2025-07-24 17:17:19 [32minfo[39m: PostgreSQL connected successfully
2025-07-24 17:17:20 [32minfo[39m: MongoDB connected successfully
2025-07-24 17:17:20 [32minfo[39m: All databases initialized successfully
2025-07-24 17:17:20 [32minfo[39m: Server is running on port 5000
2025-07-24 17:17:25 [31merror[39m: Error registering user: Пользователь с таким логином уже существует
2025-07-24 17:19:51 [31merror[39m: Error registering user: Пользователь с таким логином уже существует
2025-07-24 17:26:48 [31merror[39m: Error registering user: Пользователь с таким логином уже существует
2025-07-24 17:27:07 [32minfo[39m: User logged in: admin
2025-07-24 17:27:49 [32minfo[39m: User logged in: admin
2025-07-24 17:36:22 [32minfo[39m: PostgreSQL connected successfully
2025-07-24 17:36:23 [32minfo[39m: MongoDB connected successfully
2025-07-24 17:36:23 [32minfo[39m: All databases initialized successfully
2025-07-24 17:36:23 [32minfo[39m: Server is running on port 5000
2025-07-24 17:36:57 [32minfo[39m: PostgreSQL connected successfully
2025-07-24 17:36:57 [32minfo[39m: MongoDB connected successfully
2025-07-24 17:36:57 [32minfo[39m: All databases initialized successfully
2025-07-24 17:36:57 [32minfo[39m: Server is running on port 5000
2025-07-24 17:36:59 [32minfo[39m: PostgreSQL connected successfully
2025-07-24 17:37:00 [32minfo[39m: MongoDB connected successfully
2025-07-24 17:37:00 [32minfo[39m: All databases initialized successfully
2025-07-24 17:37:00 [32minfo[39m: Server is running on port 5000
2025-07-24 17:37:00 [32minfo[39m: User logged in: admin
2025-07-24 17:37:00 [31merror[39m: Error logging in user: user_data is not defined
2025-07-24 17:37:24 [32minfo[39m: PostgreSQL connected successfully
2025-07-24 17:37:24 [32minfo[39m: MongoDB connected successfully
2025-07-24 17:37:24 [32minfo[39m: All databases initialized successfully
2025-07-24 17:37:25 [32minfo[39m: Server is running on port 5000
2025-07-24 17:37:29 [32minfo[39m: User logged in: admin
2025-07-24 17:37:41 [32minfo[39m: Service: Created place: Тестовая точка
2025-07-24 17:38:12 [32minfo[39m: PostgreSQL connected successfully
2025-07-24 17:38:13 [32minfo[39m: MongoDB connected successfully
2025-07-24 17:38:13 [32minfo[39m: All databases initialized successfully
2025-07-24 17:38:13 [32minfo[39m: Server is running on port 5000
2025-07-24 17:38:44 [32minfo[39m: User logged in: admin
2025-07-24 17:40:08 [32minfo[39m: User logged in: admin
2025-07-24 17:41:51 [31merror[39m: Error registering user: Пользователь с таким логином уже существует
2025-07-24 17:41:53 [31merror[39m: Error registering user: Пользователь с таким логином уже существует
2025-07-24 17:42:08 [31merror[39m: Error registering user: Пользователь с таким логином уже существует
2025-07-24 17:43:00 [32minfo[39m: User logged in: user_3
2025-07-24 17:43:24 [31merror[39m: Error registering user: Пользователь с таким логином уже существует
2025-07-24 17:43:53 [31merror[39m: Error registering user: Пользователь с таким логином уже существует
2025-07-24 17:44:35 [31merror[39m: Error registering user: Пользователь с таким логином уже существует
2025-07-24 17:45:14 [31merror[39m: Error registering user: Пользователь с таким логином уже существует
2025-07-24 17:45:46 [31merror[39m: Error registering user: Пользователь с таким логином уже существует
2025-07-24 17:46:32 [31merror[39m: Error registering user: Пользователь с таким логином уже существует
2025-07-24 17:48:01 [31merror[39m: Error registering user: Пользователь с таким логином уже существует
2025-07-24 17:48:24 [31merror[39m: Error registering user: Пользователь с таким логином уже существует
2025-07-24 17:48:37 [31merror[39m: Error logging in user: Пользователь с таким логином не найден
2025-07-24 17:49:04 [32minfo[39m: User logged in: admin
2025-07-24 18:25:11 [31merror[39m: Error logging in user: Пользователь с таким логином не найден
2025-07-24 18:25:37 [31merror[39m: Error logging in user: Введён неверный пароль
2025-07-24 18:25:43 [31merror[39m: Error logging in user: Введён неверный пароль
2025-07-24 18:25:43 [31merror[39m: Error logging in user: Введён неверный пароль
2025-07-24 18:25:46 [31merror[39m: Error logging in user: Введён неверный пароль
2025-07-24 18:25:47 [31merror[39m: Error logging in user: Введён неверный пароль
2025-07-24 18:26:33 [31merror[39m: Error logging in user: Введён неверный пароль
2025-07-24 18:26:34 [31merror[39m: Error logging in user: Введён неверный пароль
2025-07-24 18:26:35 [31merror[39m: Error logging in user: Введён неверный пароль
2025-07-24 18:26:35 [31merror[39m: Error logging in user: Введён неверный пароль
2025-07-24 18:26:36 [31merror[39m: Error logging in user: Введён неверный пароль
2025-07-24 18:26:38 [31merror[39m: Error logging in user: Введён неверный пароль
2025-07-24 18:26:43 [31merror[39m: Error logging in user: Введён неверный пароль
2025-07-24 18:27:37 [31merror[39m: Error logging in user: Введён неверный пароль
2025-07-24 18:27:38 [31merror[39m: Error logging in user: Введён неверный пароль
2025-07-24 18:27:39 [31merror[39m: Error logging in user: Введён неверный пароль
2025-07-24 18:27:39 [31merror[39m: Error logging in user: Введён неверный пароль
2025-07-24 18:27:40 [31merror[39m: Error logging in user: Введён неверный пароль
2025-07-24 18:27:42 [31merror[39m: Error logging in user: Введён неверный пароль
2025-07-24 18:27:44 [31merror[39m: Error logging in user: Введён неверный пароль
2025-07-24 18:28:14 [31merror[39m: Error logging in user: Введён неверный пароль
2025-07-24 18:28:16 [31merror[39m: Error logging in user: Введён неверный пароль
2025-07-24 18:28:21 [31merror[39m: Error logging in user: Введён неверный пароль
2025-07-24 18:28:26 [31merror[39m: Error logging in user: Введён неверный пароль
2025-07-24 18:28:27 [31merror[39m: Error logging in user: Введён неверный пароль
2025-07-24 18:28:27 [31merror[39m: Error logging in user: Введён неверный пароль
2025-07-24 18:28:28 [31merror[39m: Error logging in user: Введён неверный пароль
2025-07-24 18:28:28 [31merror[39m: Error logging in user: Введён неверный пароль
2025-07-24 18:28:28 [31merror[39m: Error logging in user: Введён неверный пароль
2025-07-24 18:28:28 [31merror[39m: Error logging in user: Введён неверный пароль
2025-07-24 18:28:29 [31merror[39m: Error logging in user: Введён неверный пароль
2025-07-24 18:28:29 [31merror[39m: Error logging in user: Введён неверный пароль
2025-07-24 18:28:32 [31merror[39m: Error logging in user: Введён неверный пароль
2025-07-24 18:28:39 [31merror[39m: Error logging in user: Введён неверный пароль
2025-07-24 18:28:59 [31merror[39m: Error logging in user: Введён неверный пароль
2025-07-24 18:29:00 [31merror[39m: Error logging in user: Введён неверный пароль
2025-07-24 18:29:00 [31merror[39m: Error logging in user: Введён неверный пароль
2025-07-24 18:29:01 [31merror[39m: Error logging in user: Введён неверный пароль
2025-07-24 18:29:02 [31merror[39m: Error logging in user: Введён неверный пароль
2025-07-24 18:30:07 [31merror[39m: Error logging in user: Введён неверный пароль
2025-07-24 18:30:08 [31merror[39m: Error logging in user: Введён неверный пароль
2025-07-24 18:30:13 [31merror[39m: Error logging in user: Введён неверный пароль
2025-07-24 18:30:14 [31merror[39m: Error logging in user: Введён неверный пароль
2025-07-24 18:30:14 [31merror[39m: Error logging in user: Введён неверный пароль
2025-07-24 18:30:15 [31merror[39m: Error logging in user: Введён неверный пароль
2025-07-24 18:30:16 [31merror[39m: Error logging in user: Введён неверный пароль
2025-07-24 18:30:17 [31merror[39m: Error logging in user: Введён неверный пароль
2025-07-24 18:30:18 [31merror[39m: Error logging in user: Введён неверный пароль
2025-07-24 18:30:20 [31merror[39m: Error logging in user: Введён неверный пароль
2025-07-24 18:30:27 [31merror[39m: Error logging in user: Введён неверный пароль
2025-07-24 18:30:28 [31merror[39m: Error logging in user: Введён неверный пароль
2025-07-24 18:30:28 [31merror[39m: Error logging in user: Введён неверный пароль
2025-07-24 18:30:29 [31merror[39m: Error logging in user: Введён неверный пароль
2025-07-24 18:30:31 [31merror[39m: Error logging in user: Введён неверный пароль
2025-07-24 18:30:31 [31merror[39m: Error logging in user: Введён неверный пароль
2025-07-24 18:30:32 [31merror[39m: Error logging in user: Введён неверный пароль
2025-07-24 18:30:32 [31merror[39m: Error logging in user: Введён неверный пароль
2025-07-24 18:30:32 [31merror[39m: Error logging in user: Введён неверный пароль
2025-07-24 18:30:33 [31merror[39m: Error logging in user: Введён неверный пароль
2025-07-24 18:30:33 [31merror[39m: Error logging in user: Введён неверный пароль
2025-07-24 18:30:34 [31merror[39m: Error logging in user: Введён неверный пароль
2025-07-24 18:31:08 [31merror[39m: Error logging in user: Введён неверный пароль
2025-07-24 18:31:09 [31merror[39m: Error logging in user: Введён неверный пароль
2025-07-24 18:31:23 [31merror[39m: Error logging in user: Введён неверный пароль
2025-07-24 18:31:30 [31merror[39m: Error logging in user: Введён неверный пароль
2025-07-24 18:31:31 [31merror[39m: Error logging in user: Введён неверный пароль
2025-07-24 18:31:34 [31merror[39m: Error logging in user: Введён неверный пароль
2025-07-24 18:32:41 [31merror[39m: Error logging in user: Введён неверный пароль
2025-07-24 18:32:42 [31merror[39m: Error logging in user: Введён неверный пароль
2025-07-24 18:32:43 [31merror[39m: Error logging in user: Введён неверный пароль
2025-07-24 18:32:44 [31merror[39m: Error logging in user: Введён неверный пароль
2025-07-24 18:32:51 [31merror[39m: Error logging in user: Введён неверный пароль
2025-07-24 18:33:01 [31merror[39m: Error logging in user: Введён неверный пароль
2025-07-24 18:33:01 [31merror[39m: Error logging in user: Введён неверный пароль
2025-07-24 18:33:02 [31merror[39m: Error logging in user: Введён неверный пароль
2025-07-24 18:33:02 [31merror[39m: Error logging in user: Введён неверный пароль
2025-07-24 18:33:03 [31merror[39m: Error logging in user: Введён неверный пароль
2025-07-24 18:33:03 [31merror[39m: Error logging in user: Введён неверный пароль
2025-07-24 18:33:03 [31merror[39m: Error logging in user: Введён неверный пароль
2025-07-24 18:33:03 [31merror[39m: Error logging in user: Введён неверный пароль
2025-07-24 18:33:04 [31merror[39m: Error logging in user: Введён неверный пароль
2025-07-24 18:33:05 [31merror[39m: Error logging in user: Введён неверный пароль
2025-07-24 18:33:06 [31merror[39m: Error logging in user: Введён неверный пароль
2025-07-24 18:33:07 [31merror[39m: Error logging in user: Введён неверный пароль
2025-07-24 18:33:07 [31merror[39m: Error logging in user: Введён неверный пароль
2025-07-24 18:33:07 [31merror[39m: Error logging in user: Введён неверный пароль
2025-07-24 18:33:20 [31merror[39m: Error logging in user: Введён неверный пароль
2025-07-24 18:33:20 [31merror[39m: Error logging in user: Введён неверный пароль
2025-07-24 18:33:22 [31merror[39m: Error logging in user: Введён неверный пароль
2025-07-24 18:33:22 [31merror[39m: Error logging in user: Введён неверный пароль
2025-07-24 18:33:23 [31merror[39m: Error logging in user: Введён неверный пароль
2025-07-24 18:33:24 [31merror[39m: Error logging in user: Введён неверный пароль
2025-07-24 18:33:26 [31merror[39m: Error logging in user: Введён неверный пароль
2025-07-24 18:33:26 [31merror[39m: Error logging in user: Введён неверный пароль
2025-07-24 18:33:30 [31merror[39m: Error logging in user: Введён неверный пароль
2025-07-24 18:33:34 [31merror[39m: Error logging in user: Введён неверный пароль
2025-07-24 18:33:34 [31merror[39m: Error logging in user: Введён неверный пароль
2025-07-24 18:33:35 [31merror[39m: Error logging in user: Введён неверный пароль
2025-07-24 18:33:35 [31merror[39m: Error logging in user: Введён неверный пароль
2025-07-24 18:33:36 [31merror[39m: Error logging in user: Введён неверный пароль
2025-07-24 18:33:36 [31merror[39m: Error logging in user: Введён неверный пароль
2025-07-24 18:33:37 [31merror[39m: Error logging in user: Введён неверный пароль
2025-07-24 18:33:37 [31merror[39m: Error logging in user: Введён неверный пароль
2025-07-24 18:33:37 [31merror[39m: Error logging in user: Введён неверный пароль
2025-07-24 18:33:37 [31merror[39m: Error logging in user: Введён неверный пароль
2025-07-24 18:33:38 [31merror[39m: Error logging in user: Введён неверный пароль
2025-07-24 18:33:38 [31merror[39m: Error logging in user: Введён неверный пароль
2025-07-24 18:33:38 [31merror[39m: Error logging in user: Введён неверный пароль
2025-07-24 18:33:39 [31merror[39m: Error logging in user: Введён неверный пароль
2025-07-24 18:33:40 [31merror[39m: Error logging in user: Введён неверный пароль
2025-07-24 18:33:40 [31merror[39m: Error logging in user: Введён неверный пароль
2025-07-24 18:33:40 [31merror[39m: Error logging in user: Введён неверный пароль
2025-07-24 18:33:41 [31merror[39m: Error logging in user: Введён неверный пароль
2025-07-24 18:33:41 [31merror[39m: Error logging in user: Введён неверный пароль
2025-07-24 18:33:41 [31merror[39m: Error logging in user: Введён неверный пароль
2025-07-24 18:33:41 [31merror[39m: Error logging in user: Введён неверный пароль
2025-07-24 18:33:41 [31merror[39m: Error logging in user: Введён неверный пароль
2025-07-24 18:33:42 [31merror[39m: Error logging in user: Введён неверный пароль
2025-07-24 18:33:43 [31merror[39m: Error logging in user: Введён неверный пароль
2025-07-24 18:33:43 [31merror[39m: Error logging in user: Введён неверный пароль
2025-07-24 18:52:28 [32minfo[39m: User logged in: admin
2025-07-24 19:07:34 [32minfo[39m: User logged in: admin
2025-07-24 19:11:19 [32minfo[39m: User logged in: admin
2025-07-24 19:56:02 [31merror[39m: Error logging in user: Пользователь с таким логином не найден
2025-07-25 01:34:54 [32minfo[39m: PostgreSQL connected successfully
2025-07-25 01:34:55 [32minfo[39m: MongoDB connected successfully
2025-07-25 01:34:55 [32minfo[39m: All databases initialized successfully
2025-07-25 01:34:55 [32minfo[39m: Server is running on port 5000
2025-07-25 01:34:58 [32minfo[39m: PostgreSQL connected successfully
2025-07-25 01:34:59 [32minfo[39m: MongoDB connected successfully
2025-07-25 01:34:59 [32minfo[39m: All databases initialized successfully
2025-07-25 01:34:59 [32minfo[39m: Server is running on port 5000
2025-07-25 01:35:10 [32minfo[39m: PostgreSQL connected successfully
2025-07-25 01:35:10 [32minfo[39m: MongoDB connected successfully
2025-07-25 01:35:10 [32minfo[39m: All databases initialized successfully
2025-07-25 01:35:10 [32minfo[39m: Server is running on port 5000
2025-07-25 01:35:21 [32minfo[39m: PostgreSQL connected successfully
2025-07-25 01:35:22 [32minfo[39m: MongoDB connected successfully
2025-07-25 01:35:22 [32minfo[39m: All databases initialized successfully
2025-07-25 01:35:22 [32minfo[39m: Server is running on port 5000
2025-07-27 23:09:09 [33mwarn[39m: MongoDB: disconnected
2025-07-28 15:45:18 [33mwarn[39m: MongoDB: disconnected
2025-07-30 18:42:07 [33mwarn[39m: MongoDB: disconnected
2025-07-31 13:24:04 [33mwarn[39m: MongoDB: disconnected
2025-08-08 21:26:27 [32minfo[39m: PostgreSQL connected successfully
2025-08-08 21:26:29 [32minfo[39m: MongoDB connected successfully
2025-08-08 21:26:29 [32minfo[39m: All databases initialized successfully
2025-08-08 21:26:29 [32minfo[39m: Server is running on port 5000
2025-08-08 21:27:09 [32minfo[39m: User logged in: admin
2025-08-08 21:28:24 [32minfo[39m: Service: Fetched 2 places
2025-08-08 22:36:08 [33mwarn[39m: MongoDB: disconnected
2025-08-08 22:37:39 [33mwarn[39m: MongoDB: disconnected
2025-08-08 22:39:15 [33mwarn[39m: MongoDB: disconnected
2025-08-08 22:40:16 [33mwarn[39m: MongoDB: disconnected
2025-08-08 22:40:42 [33mwarn[39m: MongoDB: disconnected
2025-08-08 23:01:54 [33mwarn[39m: MongoDB: disconnected
2025-08-09 01:28:00 [31merror[39m: PostgreSQL connection error: 
2025-08-09 01:28:14 [32minfo[39m: PostgreSQL connected successfully
2025-08-09 01:28:16 [32minfo[39m: MongoDB connected successfully
2025-08-09 01:28:16 [32minfo[39m: All databases initialized successfully
2025-08-09 01:28:16 [32minfo[39m: Server is running on port 5000
2025-09-02 17:57:27 [32minfo[39m: PostgreSQL connected successfully
2025-09-02 17:57:32 [32minfo[39m: MongoDB connected successfully
2025-09-02 17:57:32 [32minfo[39m: All databases initialized successfully
2025-09-02 17:57:32 [32minfo[39m: Server is running on port 5000
2025-09-02 17:57:58 [32minfo[39m: PostgreSQL connected successfully
2025-09-02 17:58:04 [32minfo[39m: PostgreSQL connected successfully
2025-09-02 17:58:10 [32minfo[39m: PostgreSQL connected successfully
2025-09-02 17:58:16 [32minfo[39m: MongoDB connected successfully
2025-09-02 17:58:16 [32minfo[39m: All databases initialized successfully
2025-09-02 17:58:16 [32minfo[39m: Server is running on port 5000
2025-09-02 17:58:23 [31merror[39m: Error in GET /api/places/list: err is not defined
2025-09-02 17:59:40 [32minfo[39m: PostgreSQL connected successfully
2025-09-02 17:59:44 [32minfo[39m: MongoDB connected successfully
2025-09-02 17:59:44 [32minfo[39m: All databases initialized successfully
2025-09-02 17:59:44 [32minfo[39m: Server is running on port 5000
2025-09-02 17:59:46 [31merror[39m: Error fetching places: Cannot read properties of undefined (reading 'split')
2025-09-02 17:59:46 [31merror[39m: Error in GET /api/places/list: Invalid status code: {}. Status code must be an integer.
2025-09-02 18:19:34 [33mwarn[39m: MongoDB: disconnected
2025-09-02 18:24:24 [32minfo[39m: PostgreSQL connected successfully
2025-09-02 18:24:25 [32minfo[39m: MongoDB connected successfully
2025-09-02 18:24:25 [32minfo[39m: All databases initialized successfully
2025-09-02 18:24:25 [32minfo[39m: Server is running on port 5000
2025-09-02 18:24:43 [31merror[39m: Error fetching places: Cannot read properties of undefined (reading 'split')
2025-09-02 18:24:43 [31merror[39m: Error in GET /api/places/list: Invalid status code: {}. Status code must be an integer.
2025-09-02 18:25:15 [33mwarn[39m: MongoDB: disconnected
2025-09-02 18:25:30 [32minfo[39m: PostgreSQL connected successfully
2025-09-02 18:25:35 [32minfo[39m: MongoDB connected successfully
2025-09-02 18:25:35 [32minfo[39m: All databases initialized successfully
2025-09-02 18:25:35 [32minfo[39m: Server is running on port 5000
2025-09-02 18:26:14 [31merror[39m: Error fetching places: Cannot read properties of undefined (reading 'split')
2025-09-02 18:26:14 [31merror[39m: Error in GET /api/places/list: Invalid status code: {}. Status code must be an integer.
2025-09-02 18:30:13 [32minfo[39m: PostgreSQL connected successfully
2025-09-02 18:30:19 [32minfo[39m: PostgreSQL connected successfully
2025-09-02 18:30:26 [32minfo[39m: MongoDB connected successfully
2025-09-02 18:30:26 [32minfo[39m: All databases initialized successfully
2025-09-02 18:30:26 [32minfo[39m: Server is running on port 5000
2025-09-02 18:30:39 [31merror[39m: Error fetching places: Cannot read properties of undefined (reading 'split')
2025-09-02 18:30:39 [31merror[39m: Error in GET /api/places/list: Invalid status code: {}. Status code must be an integer.
2025-09-02 18:33:17 [32minfo[39m: PostgreSQL connected successfully
2025-09-02 18:33:22 [32minfo[39m: MongoDB connected successfully
2025-09-02 18:33:22 [32minfo[39m: All databases initialized successfully
2025-09-02 18:33:22 [32minfo[39m: Server is running on port 5000
2025-09-02 18:35:03 [31merror[39m: Error fetching places: столбец "id" не существует
2025-09-02 18:35:03 [31merror[39m: Error in GET /api/places/list?bounds=44.5,48.6,44.6,48.7: Invalid status code: {"name":"SequelizeDatabaseError","parent":{"length":221,"name":"error","severity":"ОШИБКА","code":"42703","hint":"Возможно, предполагалась ссылка на столбец \"Place.gid\".","position":"8","file":"parse_relation.c","line":"3732","routine":"errorMissingColumn","sql":"SELECT \"id\", \"name\", \"tags\", ST_AsGeoJSON(geom) AS \"geometry\" FROM \"osm_volgograd\" AS \"Place\" WHERE ST_Within(geom, ST_MakeEnvelope(44.5, 48.6, 44.6, 48.7, 4326));"},"original":{"length":221,"name":"error","severity":"ОШИБКА","code":"42703","hint":"Возможно, предполагалась ссылка на столбец \"Place.gid\".","position":"8","file":"parse_relation.c","line":"3732","routine":"errorMissingColumn","sql":"SELECT \"id\", \"name\", \"tags\", ST_AsGeoJSON(geom) AS \"geometry\" FROM \"osm_volgograd\" AS \"Place\" WHERE ST_Within(geom, ST_MakeEnvelope(44.5, 48.6, 44.6, 48.7, 4326));"},"sql":"SELECT \"id\", \"name\", \"tags\", ST_AsGeoJSON(geom) AS \"geometry\" FROM \"osm_volgograd\" AS \"Place\" WHERE ST_Within(geom, ST_MakeEnvelope(44.5, 48.6, 44.6, 48.7, 4326));","parameters":{}}. Status code must be an integer.
2025-09-02 18:35:30 [32minfo[39m: PostgreSQL connected successfully
2025-09-02 18:35:35 [32minfo[39m: MongoDB connected successfully
2025-09-02 18:35:35 [32minfo[39m: All databases initialized successfully
2025-09-02 18:35:35 [32minfo[39m: Server is running on port 5000
2025-09-02 18:44:30 [32minfo[39m: PostgreSQL connected successfully
2025-09-02 18:44:35 [32minfo[39m: MongoDB connected successfully
2025-09-02 18:44:35 [32minfo[39m: All databases initialized successfully
2025-09-02 18:44:35 [32minfo[39m: Server is running on port 5000
2025-09-02 18:44:46 [32minfo[39m: PostgreSQL connected successfully
2025-09-02 18:44:49 [32minfo[39m: PostgreSQL connected successfully
2025-09-02 18:44:56 [32minfo[39m: PostgreSQL connected successfully
2025-09-02 18:45:01 [32minfo[39m: MongoDB connected successfully
2025-09-02 18:45:01 [32minfo[39m: All databases initialized successfully
2025-09-02 18:45:01 [32minfo[39m: Server is running on port 5000
2025-09-02 18:45:11 [32minfo[39m: PostgreSQL connected successfully
2025-09-02 18:45:16 [32minfo[39m: PostgreSQL connected successfully
2025-09-02 18:45:19 [32minfo[39m: PostgreSQL connected successfully
2025-09-02 18:45:25 [32minfo[39m: MongoDB connected successfully
2025-09-02 18:45:25 [32minfo[39m: All databases initialized successfully
2025-09-02 18:45:25 [32minfo[39m: Server is running on port 5000
2025-09-02 18:45:28 [32minfo[39m: Service: Fetched bounds=%o, count=%d
2025-09-02 18:47:14 [32minfo[39m: PostgreSQL connected successfully
2025-09-02 18:47:22 [32minfo[39m: MongoDB connected successfully
2025-09-02 18:47:22 [32minfo[39m: All databases initialized successfully
2025-09-02 18:47:22 [32minfo[39m: Server is running on port 5000
2025-09-02 18:47:28 [32minfo[39m: Service: Fetched bounds=%o, count=%d
2025-09-02 18:51:27 [32minfo[39m: PostgreSQL connected successfully
2025-09-02 18:51:32 [32minfo[39m: MongoDB connected successfully
2025-09-02 18:51:32 [32minfo[39m: All databases initialized successfully
2025-09-02 18:51:32 [32minfo[39m: Server is running on port 5000
2025-09-02 18:52:05 [32minfo[39m: PostgreSQL connected successfully
2025-09-02 18:52:10 [32minfo[39m: MongoDB connected successfully
2025-09-02 18:52:10 [32minfo[39m: All databases initialized successfully
2025-09-02 18:52:10 [32minfo[39m: Server is running on port 5000
2025-09-02 18:52:14 [32minfo[39m: Service: Fetched bounds=%o, count=%d
2025-09-02 18:52:22 [32minfo[39m: PostgreSQL connected successfully
2025-09-02 18:52:27 [32minfo[39m: MongoDB connected successfully
2025-09-02 18:52:27 [32minfo[39m: All databases initialized successfully
2025-09-02 18:52:27 [32minfo[39m: Server is running on port 5000
2025-09-02 18:52:29 [32minfo[39m: Service: Fetched bounds=%o, count=%d
2025-09-02 18:53:42 [32minfo[39m: PostgreSQL connected successfully
2025-09-02 18:53:47 [32minfo[39m: MongoDB connected successfully
2025-09-02 18:53:47 [32minfo[39m: All databases initialized successfully
2025-09-02 18:53:47 [32minfo[39m: Server is running on port 5000
2025-09-02 18:53:55 [32minfo[39m: PostgreSQL connected successfully
2025-09-02 18:54:03 [32minfo[39m: MongoDB connected successfully
2025-09-02 18:54:03 [32minfo[39m: All databases initialized successfully
2025-09-02 18:54:03 [32minfo[39m: Server is running on port 5000
2025-09-02 18:54:15 [32minfo[39m: PostgreSQL connected successfully
2025-09-02 18:54:20 [32minfo[39m: MongoDB connected successfully
2025-09-02 18:54:20 [32minfo[39m: All databases initialized successfully
2025-09-02 18:54:20 [32minfo[39m: Server is running on port 5000
2025-09-02 18:54:38 [32minfo[39m: PostgreSQL connected successfully
2025-09-02 18:54:41 [32minfo[39m: PostgreSQL connected successfully
2025-09-02 18:54:46 [32minfo[39m: PostgreSQL connected successfully
2025-09-02 18:54:51 [32minfo[39m: MongoDB connected successfully
2025-09-02 18:54:51 [32minfo[39m: All databases initialized successfully
2025-09-02 18:54:51 [32minfo[39m: Server is running on port 5000
2025-09-02 18:54:57 [32minfo[39m: PostgreSQL connected successfully
2025-09-02 18:55:05 [32minfo[39m: PostgreSQL connected successfully
2025-09-02 18:55:10 [32minfo[39m: MongoDB connected successfully
2025-09-02 18:55:10 [32minfo[39m: All databases initialized successfully
2025-09-02 18:55:10 [32minfo[39m: Server is running on port 5000
2025-09-02 18:55:13 [32minfo[39m: PostgreSQL connected successfully
2025-09-02 18:55:17 [32minfo[39m: MongoDB connected successfully
2025-09-02 18:55:17 [32minfo[39m: All databases initialized successfully
2025-09-02 18:55:17 [32minfo[39m: Server is running on port 5000
2025-09-02 18:55:25 [31merror[39m: Error fetching places: minLon is not defined
2025-09-02 18:55:25 [31merror[39m: Error in GET /api/places/list: Invalid status code: {}. Status code must be an integer.
2025-09-02 18:56:20 [32minfo[39m: PostgreSQL connected successfully
2025-09-02 18:56:25 [32minfo[39m: MongoDB connected successfully
2025-09-02 18:56:25 [32minfo[39m: All databases initialized successfully
2025-09-02 18:56:25 [32minfo[39m: Server is running on port 5000
2025-09-02 18:56:25 [32minfo[39m: Service: Fetched count=%d
2025-09-02 18:56:34 [32minfo[39m: PostgreSQL connected successfully
2025-09-02 18:56:39 [32minfo[39m: MongoDB connected successfully
2025-09-02 18:56:39 [32minfo[39m: All databases initialized successfully
2025-09-02 18:56:39 [32minfo[39m: Server is running on port 5000
2025-09-02 18:56:45 [32minfo[39m: Service: Fetched count=%d
2025-09-02 19:01:10 [32minfo[39m: PostgreSQL connected successfully
2025-09-02 19:01:15 [32minfo[39m: MongoDB connected successfully
2025-09-02 19:01:15 [32minfo[39m: All databases initialized successfully
2025-09-02 19:01:15 [32minfo[39m: Server is running on port 5000
2025-09-02 19:01:20 [32minfo[39m: PostgreSQL connected successfully
2025-09-02 19:01:30 [32minfo[39m: PostgreSQL connected successfully
2025-09-02 19:01:35 [32minfo[39m: PostgreSQL connected successfully
2025-09-02 19:01:39 [32minfo[39m: MongoDB connected successfully
2025-09-02 19:01:39 [32minfo[39m: All databases initialized successfully
2025-09-02 19:01:39 [32minfo[39m: Server is running on port 5000
2025-09-02 20:17:03 [32minfo[39m: PostgreSQL connected successfully
2025-09-02 20:17:09 [32minfo[39m: MongoDB connected successfully
2025-09-02 20:17:09 [32minfo[39m: All databases initialized successfully
2025-09-02 20:17:09 [32minfo[39m: Server is running on port 5000
2025-09-02 20:17:53 [32minfo[39m: User logged in: admin
2025-09-02 21:24:43 [32minfo[39m: PostgreSQL connected successfully
2025-09-02 21:24:48 [32minfo[39m: MongoDB connected successfully
2025-09-02 21:24:48 [32minfo[39m: All databases initialized successfully
2025-09-02 21:24:48 [32minfo[39m: Server is running on port 5000
2025-09-02 21:30:37 [32minfo[39m: User logged in: admin
2025-09-03 00:34:09 [32minfo[39m: PostgreSQL connected successfully
2025-09-03 00:34:14 [31merror[39m: MongoDB connection error: Server selection timed out after 5000 ms
2025-09-03 00:35:07 [32minfo[39m: PostgreSQL connected successfully
2025-09-03 00:35:16 [32minfo[39m: MongoDB connected successfully
2025-09-03 00:35:16 [32minfo[39m: All databases initialized successfully
2025-09-03 00:35:16 [32minfo[39m: Server is running on port 5000
2025-09-03 00:35:50 [32minfo[39m: PostgreSQL connected successfully
2025-09-03 00:35:58 [32minfo[39m: MongoDB connected successfully
2025-09-03 00:35:58 [32minfo[39m: All databases initialized successfully
2025-09-03 00:35:58 [32minfo[39m: Server is running on port 5000
2025-09-03 00:36:10 [32minfo[39m: PostgreSQL connected successfully
2025-09-03 00:36:16 [32minfo[39m: MongoDB connected successfully
2025-09-03 00:36:16 [32minfo[39m: All databases initialized successfully
2025-09-03 00:36:16 [32minfo[39m: Server is running on port 5000
2025-09-03 00:36:19 [32minfo[39m: PostgreSQL connected successfully
2025-09-03 00:36:24 [32minfo[39m: MongoDB connected successfully
2025-09-03 00:36:24 [32minfo[39m: All databases initialized successfully
2025-09-03 00:36:24 [32minfo[39m: Server is running on port 5000
2025-09-03 00:36:30 [32minfo[39m: PostgreSQL connected successfully
2025-09-03 00:36:35 [32minfo[39m: MongoDB connected successfully
2025-09-03 00:36:35 [32minfo[39m: All databases initialized successfully
2025-09-03 00:36:35 [32minfo[39m: Server is running on port 5000
2025-09-03 00:36:39 [32minfo[39m: PostgreSQL connected successfully
2025-09-03 00:36:46 [32minfo[39m: MongoDB connected successfully
2025-09-03 00:36:46 [32minfo[39m: All databases initialized successfully
2025-09-03 00:36:46 [32minfo[39m: Server is running on port 5000
2025-09-03 00:36:55 [32minfo[39m: PostgreSQL connected successfully
2025-09-03 00:37:01 [32minfo[39m: PostgreSQL connected successfully
2025-09-03 00:37:06 [32minfo[39m: MongoDB connected successfully
2025-09-03 00:37:06 [32minfo[39m: All databases initialized successfully
2025-09-03 00:37:06 [32minfo[39m: Server is running on port 5000
2025-09-03 00:42:30 [32minfo[39m: PostgreSQL connected successfully
2025-09-03 00:42:34 [32minfo[39m: MongoDB connected successfully
2025-09-03 00:42:34 [32minfo[39m: All databases initialized successfully
2025-09-03 00:42:34 [32minfo[39m: Server is running on port 5000
2025-09-03 01:06:45 [32minfo[39m: PostgreSQL connected successfully
2025-09-03 01:06:51 [32minfo[39m: PostgreSQL connected successfully
2025-09-03 01:19:03 [32minfo[39m: PostgreSQL connected successfully
2025-09-03 01:19:07 [32minfo[39m: MongoDB connected successfully
2025-09-03 01:19:07 [32minfo[39m: All databases initialized successfully
2025-09-03 01:19:07 [32minfo[39m: Server is running on port 5000
2025-09-03 01:19:53 [31merror[39m: Error registering user: Пользователь с таким логином уже существует
2025-09-03 01:20:00 [31merror[39m: Error sending confirmation email to lit.pk.05@gmail.com: Invalid login: 535-5.7.8 Username and Password not accepted. For more information, go to
535 5.7.8  https://support.google.com/mail/?p=BadCredentials d9443c01a7336-2493b6ce20dsm113794525ad.92 - gsmtp
2025-09-03 01:20:00 [31merror[39m: Failed to send confirmation email: Не удалось отправить письмо подтверждения
2025-09-03 01:20:00 [32minfo[39m: Registered user: admin11 with email: lit.pk.05@gmail.com
2025-09-03 01:20:00 [31merror[39m: Error registering user: Пользователь с таким логином уже существует
2025-09-03 01:20:40 [32minfo[39m: User logged in: admin
2025-09-03 01:21:27 [32minfo[39m: User logged in: admin11
2025-09-03 15:17:13 [33mwarn[39m: MongoDB: disconnected
2025-09-03 19:16:34 [32minfo[39m: PostgreSQL connected successfully
2025-09-03 19:16:38 [32minfo[39m: MongoDB connected successfully
2025-09-03 19:16:38 [32minfo[39m: All databases initialized successfully
2025-09-03 19:16:38 [32minfo[39m: Server is running on port 5000
2025-09-03 19:18:03 [32minfo[39m: User logged in by email: lit.pk.05@gmail.com
2025-09-03 19:19:07 [31merror[39m: Error logging in user: Пользователь с таким логином не найден
2025-09-03 19:19:08 [31merror[39m: Error logging in user: Пользователь с таким логином не найден
2025-09-03 19:43:33 [32minfo[39m: PostgreSQL connected successfully
2025-09-03 19:48:00 [32minfo[39m: PostgreSQL connected successfully
2025-09-03 19:48:05 [32minfo[39m: MongoDB connected successfully
2025-09-03 19:48:05 [32minfo[39m: All databases initialized successfully
2025-09-03 19:48:05 [32minfo[39m: Server is running on port 5000
2025-09-03 20:54:59 [32minfo[39m: User logged in: admin
2025-09-03 20:57:10 [31merror[39m: Error logging in user: Введён неверный пароль
2025-09-03 20:57:15 [32minfo[39m: User logged in: admin11
2025-09-03 21:00:07 [32minfo[39m: User logged in: admin11
2025-09-03 21:03:51 [32minfo[39m: User logged in: admin
2025-09-03 21:19:18 [32minfo[39m: User logged in: admin
2025-09-03 21:22:38 [32minfo[39m: User logged in: admin
2025-09-03 21:23:10 [32minfo[39m: User logged in: admin
2025-09-03 21:26:51 [32minfo[39m: User logged in: admin
2025-09-03 21:29:06 [32minfo[39m: User logged in: admin
2025-09-03 21:48:03 [32minfo[39m: PostgreSQL connected successfully
2025-09-03 21:48:09 [32minfo[39m: PostgreSQL connected successfully
2025-09-03 21:48:13 [32minfo[39m: MongoDB connected successfully
2025-09-03 21:48:13 [32minfo[39m: All databases initialized successfully
2025-09-03 21:48:13 [32minfo[39m: Server is running on port 5000
2025-09-03 22:11:15 [33mwarn[39m: MongoDB: disconnected
2025-09-04 12:56:53 [33mwarn[39m: MongoDB: disconnected
2025-10-13 08:42:44 [32minfo[39m: PostgreSQL connected successfully
2025-10-13 08:42:45 [32minfo[39m: MongoDB connected successfully
2025-10-13 08:42:45 [32minfo[39m: All databases initialized successfully
2025-10-13 08:42:45 [32minfo[39m: Server is running on port 5000
2025-10-13 08:43:33 [32minfo[39m: PostgreSQL connected successfully
2025-10-13 08:43:33 [32minfo[39m: MongoDB connected successfully
2025-10-13 08:43:33 [32minfo[39m: All databases initialized successfully
2025-10-13 08:43:33 [32minfo[39m: Server is running on port 5000
2025-10-13 11:40:25 [32minfo[39m: PostgreSQL connected successfully
2025-10-13 11:40:26 [32minfo[39m: MongoDB connected successfully
2025-10-13 11:40:26 [32minfo[39m: All databases initialized successfully
2025-10-13 11:40:26 [32minfo[39m: Server is running on port 5000
2025-10-13 12:38:08 [32minfo[39m: PostgreSQL connected successfully
2025-10-13 12:38:09 [32minfo[39m: MongoDB connected successfully
2025-10-13 12:38:09 [32minfo[39m: All databases initialized successfully
2025-10-13 12:38:09 [32minfo[39m: Server is running on port 5000
2025-10-13 12:39:39 [32minfo[39m: Confirmation email sent to: robert.ogannisian2015@yandex.ru
2025-10-13 12:39:39 [32minfo[39m: Registered user: robert13102025 with email: robert.ogannisian2015@yandex.ru
2025-10-13 12:44:01 [32minfo[39m: PostgreSQL connected successfully
2025-10-13 12:44:04 [32minfo[39m: MongoDB connected successfully
2025-10-13 12:44:04 [32minfo[39m: All databases initialized successfully
2025-10-13 12:44:04 [32minfo[39m: Server is running on port 5000
2025-10-13 12:44:39 [32minfo[39m: PostgreSQL connected successfully
2025-10-13 12:44:39 [32minfo[39m: MongoDB connected successfully
2025-10-13 12:44:39 [32minfo[39m: All databases initialized successfully
2025-10-13 12:44:39 [32minfo[39m: Server is running on port 5000
2025-10-13 12:54:25 [32minfo[39m: PostgreSQL connected successfully
2025-10-13 12:54:25 [32minfo[39m: MongoDB connected successfully
2025-10-13 12:54:25 [32minfo[39m: All databases initialized successfully
2025-10-13 12:54:25 [32minfo[39m: Server is running on port 5000
2025-10-13 12:54:55 [32minfo[39m: PostgreSQL connected successfully
2025-10-13 12:54:56 [32minfo[39m: MongoDB connected successfully
2025-10-13 12:54:56 [32minfo[39m: All databases initialized successfully
2025-10-13 12:54:56 [32minfo[39m: Server is running on port 5000
2025-10-13 12:55:08 [32minfo[39m: Email confirmed for user: robert13102025
2025-10-13 12:55:08 [31merror[39m: Error confirming email: Неверный токен подтверждения
2025-10-13 12:56:29 [32minfo[39m: PostgreSQL connected successfully
2025-10-13 12:56:32 [32minfo[39m: PostgreSQL connected successfully
2025-10-13 12:56:33 [32minfo[39m: MongoDB connected successfully
2025-10-13 12:56:33 [32minfo[39m: All databases initialized successfully
2025-10-13 12:56:33 [32minfo[39m: Server is running on port 5000
2025-10-13 12:56:34 [32minfo[39m: PostgreSQL connected successfully
2025-10-13 12:56:35 [32minfo[39m: MongoDB connected successfully
2025-10-13 12:56:35 [32minfo[39m: All databases initialized successfully
2025-10-13 12:56:35 [32minfo[39m: Server is running on port 5000
2025-10-13 12:58:12 [32minfo[39m: PostgreSQL connected successfully
2025-10-13 12:58:13 [32minfo[39m: MongoDB connected successfully
2025-10-13 12:58:13 [32minfo[39m: All databases initialized successfully
2025-10-13 12:58:13 [32minfo[39m: Server is running on port 5000
2025-10-13 12:58:19 [31merror[39m: Error confirming email: Неверный токен подтверждения
2025-10-13 12:58:19 [31merror[39m: Error confirming email: Неверный токен подтверждения
2025-10-13 12:59:13 [31merror[39m: Error confirming email: Неверный токен подтверждения
2025-10-13 12:59:13 [31merror[39m: Error confirming email: Неверный токен подтверждения
2025-10-13 12:59:13 [31merror[39m: Error confirming email: Неверный токен подтверждения
2025-10-13 12:59:13 [31merror[39m: Error confirming email: Неверный токен подтверждения
2025-10-13 13:05:24 [32minfo[39m: PostgreSQL connected successfully
2025-10-13 13:05:25 [32minfo[39m: MongoDB connected successfully
2025-10-13 13:05:25 [32minfo[39m: All databases initialized successfully
2025-10-13 13:05:25 [32minfo[39m: Server is running on port 5000
2025-10-13 13:06:34 [32minfo[39m: PostgreSQL connected successfully
2025-10-13 13:06:35 [32minfo[39m: MongoDB connected successfully
2025-10-13 13:06:35 [32minfo[39m: All databases initialized successfully
2025-10-13 13:06:35 [32minfo[39m: Server is running on port 5000
2025-10-13 13:07:07 [32minfo[39m: Confirmation email sent to: robert.ogannisian2015@yandex.ru
2025-10-13 13:07:07 [32minfo[39m: Registered user: robobob123123123 with email: robert.ogannisian2015@yandex.ru
2025-10-13 13:07:27 [32minfo[39m: Email confirmed for user: robobob123123123
2025-10-13 13:07:27 [31merror[39m: Error confirming email: Неверный токен подтверждения
2025-10-13 13:09:55 [32minfo[39m: User logged in: robobob123123123
2025-10-13 13:10:39 [31merror[39m: Error confirming email: Неверный токен подтверждения
2025-10-13 13:10:39 [31merror[39m: Error confirming email: Неверный токен подтверждения
2025-10-13 13:10:52 [31merror[39m: Error confirming email: Неверный токен подтверждения
2025-10-13 13:10:52 [31merror[39m: Error confirming email: Неверный токен подтверждения
2025-10-13 13:11:05 [32minfo[39m: PostgreSQL connected successfully
2025-10-13 13:11:06 [32minfo[39m: MongoDB connected successfully
2025-10-13 13:11:06 [32minfo[39m: All databases initialized successfully
2025-10-13 13:11:06 [32minfo[39m: Server is running on port 5000
2025-10-13 13:33:32 [32minfo[39m: PostgreSQL connected successfully
2025-10-13 13:33:49 [32minfo[39m: PostgreSQL connected successfully
2025-10-13 13:33:51 [32minfo[39m: MongoDB connected successfully
2025-10-13 13:33:51 [32minfo[39m: All databases initialized successfully
2025-10-13 13:33:51 [32minfo[39m: Server is running on port 5000
2025-10-13 13:34:44 [32minfo[39m: Confirmation email sent to: robert.ogannisian2015@yandex.ru
2025-10-13 13:34:44 [32minfo[39m: Registered user: 12345678 with email: robert.ogannisian2015@yandex.ru
2025-10-13 13:35:01 [32minfo[39m: Email confirmed for user: 12345678
2025-10-13 13:35:01 [31merror[39m: Error confirming email: Неверный токен подтверждения
2025-10-13 13:45:04 [32minfo[39m: PostgreSQL connected successfully
2025-10-13 13:45:06 [32minfo[39m: MongoDB connected successfully
2025-10-13 13:45:06 [32minfo[39m: All databases initialized successfully
2025-10-13 13:45:06 [32minfo[39m: Server is running on port 5000
2025-10-13 13:45:28 [32minfo[39m: PostgreSQL connected successfully
2025-10-13 13:45:29 [32minfo[39m: MongoDB connected successfully
2025-10-13 13:45:29 [32minfo[39m: All databases initialized successfully
2025-10-13 13:45:29 [32minfo[39m: Server is running on port 5000
2025-10-13 13:49:04 [31merror[39m: Error registering user: Пользователь с таким email уже существует
2025-10-13 13:49:17 [32minfo[39m: Confirmation email sent to: mofrmofr99@gmail.com
2025-10-13 13:49:17 [32minfo[39m: Registered user: 246326315 with email: mofrmofr99@gmail.com
2025-10-13 14:08:06 [32minfo[39m: PostgreSQL connected successfully
2025-10-13 14:08:09 [32minfo[39m: MongoDB connected successfully
2025-10-13 14:08:09 [32minfo[39m: All databases initialized successfully
2025-10-13 14:08:09 [32minfo[39m: Server is running on port 5000
2025-11-10 21:02:23 [32minfo[39m: MongoDB connected successfully
2025-11-10 21:02:24 [32minfo[39m: PostgreSQL connected successfully
2025-11-10 21:02:24 [32minfo[39m: All databases initialized successfully
2025-11-10 21:02:24 [32minfo[39m: Server is running on port 5050
2025-11-10 21:02:33 [32minfo[39m: Service: getAllPOIVolgograd with params: amenity,buildings
2025-11-10 21:02:33 [32minfo[39m: Service: getAllPOIVolgograd with params: amenity,buildings
2025-11-10 21:04:31 [32minfo[39m: Service: getAllPOIVolgograd with params: amenity,buildings
2025-11-10 21:04:31 [32minfo[39m: Service: getAllPOIVolgograd with params: amenity,buildings
2025-11-10 21:05:07 [32minfo[39m: Service: getAllPOIVolgograd with params: amenity,buildings
2025-11-10 21:05:07 [32minfo[39m: Service: getAllPOIVolgograd with params: amenity,buildings
2025-11-10 21:06:17 [32minfo[39m: Service: getAllPOIVolgograd with params: amenity,buildings
2025-11-10 21:06:39 [32minfo[39m: Service: getAllPOIVolgograd with params: amenity,buildings
2025-11-10 21:06:41 [32minfo[39m: Service: getAllPOIVolgograd with params: amenity,buildings
2025-11-10 21:06:45 [32minfo[39m: Service: getAllPOIVolgograd with params: amenity,buildings
2025-11-10 21:06:52 [32minfo[39m: Service: getAllPOIVolgograd with params: amenity,buildings
2025-11-10 21:06:59 [32minfo[39m: Service: getAllPOIVolgograd with params: amenity,buildings
2025-11-10 21:06:59 [32minfo[39m: Service: getAllPOIVolgograd with params: amenity,buildings
2025-11-10 21:09:32 [32minfo[39m: Service: getAllPOIVolgograd with params: amenity,buildings
2025-11-10 21:09:32 [32minfo[39m: Service: getAllPOIVolgograd with params: amenity,buildings
2025-11-10 21:11:27 [32minfo[39m: Service: getAllPOIVolgograd with params: amenity,buildings
2025-11-10 21:11:27 [32minfo[39m: Service: getAllPOIVolgograd with params: amenity,buildings
2025-11-10 21:12:51 [32minfo[39m: Service: getAllPOIVolgograd with params: amenity,buildings
2025-11-10 21:12:51 [32minfo[39m: Service: getAllPOIVolgograd with params: amenity,buildings
2025-11-10 21:17:20 [32minfo[39m: MongoDB connected successfully
2025-11-10 21:17:21 [32minfo[39m: PostgreSQL connected successfully
2025-11-10 21:17:21 [32minfo[39m: All databases initialized successfully
2025-11-10 21:17:21 [32minfo[39m: Server is running on port 5050
2025-11-10 21:17:24 [32minfo[39m: MongoDB connected successfully
2025-11-10 21:17:25 [32minfo[39m: PostgreSQL connected successfully
2025-11-10 21:17:25 [32minfo[39m: All databases initialized successfully
2025-11-10 21:17:25 [32minfo[39m: Server is running on port 5050
2025-11-10 21:17:27 [32minfo[39m: MongoDB connected successfully
2025-11-10 21:17:27 [32minfo[39m: PostgreSQL connected successfully
2025-11-10 21:17:27 [32minfo[39m: All databases initialized successfully
2025-11-10 21:17:27 [32minfo[39m: Server is running on port 5050
2025-11-10 21:17:30 [32minfo[39m: MongoDB connected successfully
2025-11-10 21:17:31 [32minfo[39m: PostgreSQL connected successfully
2025-11-10 21:17:31 [32minfo[39m: All databases initialized successfully
2025-11-10 21:17:31 [32minfo[39m: Server is running on port 5050
2025-11-10 21:17:35 [32minfo[39m: MongoDB connected successfully
2025-11-10 21:17:36 [32minfo[39m: PostgreSQL connected successfully
2025-11-10 21:17:36 [32minfo[39m: All databases initialized successfully
2025-11-10 21:17:36 [32minfo[39m: Server is running on port 5050
2025-11-10 21:17:39 [32minfo[39m: MongoDB connected successfully
2025-11-10 21:17:40 [32minfo[39m: PostgreSQL connected successfully
2025-11-10 21:17:40 [32minfo[39m: All databases initialized successfully
2025-11-10 21:17:40 [32minfo[39m: Server is running on port 5050
2025-11-10 21:17:53 [32minfo[39m: MongoDB connected successfully
2025-11-10 21:17:54 [32minfo[39m: PostgreSQL connected successfully
2025-11-10 21:17:54 [32minfo[39m: All databases initialized successfully
2025-11-10 21:17:54 [32minfo[39m: Server is running on port 5050
2025-11-10 21:19:56 [32minfo[39m: Service: getAllPOIVolgograd with params: amenity,buildings
2025-11-10 21:19:56 [31merror[39m: Error fetching all POI Volgograd: clusterDistance is not defined
2025-11-10 21:19:56 [32minfo[39m: Service: getAllPOIVolgograd with params: amenity,buildings
2025-11-10 21:19:56 [31merror[39m: Error fetching all POI Volgograd: clusterDistance is not defined
2025-11-10 21:19:56 [31merror[39m: Error in POST /api/places/allPOIVolgograd: Invalid status code: {}. Status code must be an integer.
2025-11-10 21:19:56 [31merror[39m: Error in POST /api/places/allPOIVolgograd: Invalid status code: {}. Status code must be an integer.
2025-11-10 21:20:09 [32minfo[39m: MongoDB connected successfully
2025-11-10 21:20:10 [32minfo[39m: PostgreSQL connected successfully
2025-11-10 21:20:10 [32minfo[39m: All databases initialized successfully
2025-11-10 21:20:10 [32minfo[39m: Server is running on port 5050
2025-11-10 21:20:12 [32minfo[39m: Service: getAllPOIVolgograd with params: amenity,buildings
2025-11-10 21:20:12 [32minfo[39m: Service: getAllPOIVolgograd with params: amenity,buildings
2025-11-11 12:23:52 [32minfo[39m: MongoDB connected successfully
2025-11-11 12:23:52 [32minfo[39m: PostgreSQL connected successfully
2025-11-11 12:23:52 [32minfo[39m: All databases initialized successfully
2025-11-11 12:23:52 [32minfo[39m: Server is running on port 5050
2025-11-11 12:23:56 [32minfo[39m: Service: getAllPOIVolgograd with params: amenity,buildings
2025-11-11 12:23:56 [32minfo[39m: Service: getAllPOIVolgograd with params: amenity,buildings
2025-11-11 12:24:03 [32minfo[39m: MongoDB connected successfully
2025-11-11 12:24:10 [32minfo[39m: PostgreSQL connected successfully
2025-11-11 12:24:10 [32minfo[39m: All databases initialized successfully
2025-11-11 12:24:10 [32minfo[39m: Server is running on port 5050
2025-11-11 12:24:39 [32minfo[39m: Service: getAllPOIVolgograd with params: amenity,buildings
2025-11-11 12:24:39 [32minfo[39m: Service: getAllPOIVolgograd with params: amenity,buildings
2025-11-11 12:24:39 [32minfo[39m: Service: getAllPOIVolgograd with params: amenity,buildings
2025-11-11 12:24:39 [32minfo[39m: Service: getAllPOIVolgograd with params: amenity,buildings
2025-11-11 12:24:47 [32minfo[39m: Service: getAllPOIVolgograd with params: amenity,buildings
2025-11-11 12:24:47 [32minfo[39m: Service: getAllPOIVolgograd with params: amenity,buildings
2025-11-11 12:27:07 [32minfo[39m: Service: getAllPOIVolgograd with params: amenity,buildings
2025-11-11 12:27:10 [32minfo[39m: Service: getAllPOIVolgograd with params: amenity,buildings
2025-11-11 12:27:15 [32minfo[39m: Service: getAllPOIVolgograd with params: amenity,buildings
2025-11-11 12:27:17 [32minfo[39m: Service: getAllPOIVolgograd with params: amenity,buildings
2025-11-11 12:36:31 [32minfo[39m: Service: getAllPOIVolgograd with params: amenity,buildings
2025-11-11 12:43:48 [33mwarn[39m: MongoDB: disconnected
2025-11-11 12:44:39 [33mwarn[39m: MongoDB: disconnected
2025-11-17 16:46:33 [32minfo[39m: MongoDB connected successfully
2025-11-17 16:46:34 [32minfo[39m: PostgreSQL connected successfully
2025-11-17 16:46:34 [32minfo[39m: All databases initialized successfully
2025-11-17 16:46:34 [32minfo[39m: Server is running on port 5050
2025-11-17 16:46:40 [32minfo[39m: Service: getAllPOIVolgograd with params: amenity,buildings
2025-11-17 16:49:17 [32minfo[39m: MongoDB connected successfully
2025-11-17 16:49:19 [32minfo[39m: MongoDB connected successfully
2025-11-17 16:49:20 [32minfo[39m: PostgreSQL connected successfully
2025-11-17 16:49:20 [32minfo[39m: All databases initialized successfully
2025-11-17 16:49:20 [32minfo[39m: Server is running on port 5050
2025-11-17 16:49:23 [32minfo[39m: MongoDB connected successfully
2025-11-17 16:49:24 [32minfo[39m: PostgreSQL connected successfully
2025-11-17 16:49:24 [32minfo[39m: All databases initialized successfully
2025-11-17 16:49:24 [32minfo[39m: Server is running on port 5050
2025-11-17 16:49:35 [32minfo[39m: MongoDB connected successfully
2025-11-17 16:49:35 [32minfo[39m: PostgreSQL connected successfully
2025-11-17 16:49:35 [32minfo[39m: All databases initialized successfully
2025-11-17 16:49:35 [32minfo[39m: Server is running on port 5050
2025-11-17 16:49:42 [32minfo[39m: MongoDB connected successfully
2025-11-17 16:49:42 [32minfo[39m: PostgreSQL connected successfully
2025-11-17 16:49:42 [32minfo[39m: All databases initialized successfully
2025-11-17 16:49:42 [32minfo[39m: Server is running on port 5050
2025-11-17 16:49:51 [32minfo[39m: MongoDB connected successfully
2025-11-17 16:49:52 [32minfo[39m: PostgreSQL connected successfully
2025-11-17 16:49:52 [32minfo[39m: All databases initialized successfully
2025-11-17 16:49:52 [32minfo[39m: Server is running on port 5050
2025-11-17 16:50:05 [32minfo[39m: MongoDB connected successfully
2025-11-17 16:50:05 [32minfo[39m: PostgreSQL connected successfully
2025-11-17 16:50:05 [32minfo[39m: All databases initialized successfully
2025-11-17 16:50:05 [32minfo[39m: Server is running on port 5050
2025-11-17 16:50:34 [32minfo[39m: MongoDB connected successfully
2025-11-17 16:50:35 [32minfo[39m: PostgreSQL connected successfully
2025-11-17 16:50:35 [32minfo[39m: All databases initialized successfully
2025-11-17 16:50:35 [32minfo[39m: Server is running on port 5050
2025-11-17 16:50:38 [32minfo[39m: MongoDB connected successfully
2025-11-17 16:50:38 [32minfo[39m: PostgreSQL connected successfully
2025-11-17 16:50:38 [32minfo[39m: All databases initialized successfully
2025-11-17 16:50:38 [32minfo[39m: Server is running on port 5050
2025-11-17 16:50:41 [32minfo[39m: MongoDB connected successfully
2025-11-17 16:50:42 [32minfo[39m: PostgreSQL connected successfully
2025-11-17 16:50:42 [32minfo[39m: All databases initialized successfully
2025-11-17 16:50:42 [32minfo[39m: Server is running on port 5050
2025-11-17 17:04:23 [32minfo[39m: MongoDB connected successfully
2025-11-17 17:04:24 [32minfo[39m: PostgreSQL connected successfully
2025-11-17 17:04:24 [32minfo[39m: All databases initialized successfully
2025-11-17 17:04:24 [32minfo[39m: Server is running on port 5050
2025-11-17 17:18:16 [32minfo[39m: MongoDB connected successfully
2025-11-17 17:18:17 [32minfo[39m: PostgreSQL connected successfully
2025-11-17 17:18:17 [32minfo[39m: All databases initialized successfully
2025-11-17 17:18:17 [32minfo[39m: Server is running on port 5050
2025-11-17 17:18:25 [32minfo[39m: MongoDB connected successfully
2025-11-17 17:18:25 [32minfo[39m: PostgreSQL connected successfully
2025-11-17 17:18:25 [32minfo[39m: All databases initialized successfully
2025-11-17 17:18:25 [32minfo[39m: Server is running on port 5050
2025-11-17 17:18:31 [32minfo[39m: MongoDB connected successfully
2025-11-17 17:18:32 [32minfo[39m: PostgreSQL connected successfully
2025-11-17 17:18:32 [32minfo[39m: All databases initialized successfully
2025-11-17 17:18:32 [32minfo[39m: Server is running on port 5050
2025-11-17 17:18:50 [32minfo[39m: MongoDB connected successfully
2025-11-17 17:18:51 [32minfo[39m: PostgreSQL connected successfully
2025-11-17 17:18:51 [32minfo[39m: All databases initialized successfully
2025-11-17 17:18:51 [32minfo[39m: Server is running on port 5050
2025-11-17 17:18:57 [32minfo[39m: MongoDB connected successfully
2025-11-17 17:18:57 [32minfo[39m: PostgreSQL connected successfully
2025-11-17 17:18:57 [32minfo[39m: All databases initialized successfully
2025-11-17 17:18:57 [32minfo[39m: Server is running on port 5050
2025-11-17 17:19:01 [32minfo[39m: MongoDB connected successfully
2025-11-17 17:19:01 [32minfo[39m: PostgreSQL connected successfully
2025-11-17 17:19:01 [32minfo[39m: All databases initialized successfully
2025-11-17 17:19:01 [32minfo[39m: Server is running on port 5050
2025-11-17 17:19:17 [32minfo[39m: MongoDB connected successfully
2025-11-17 17:19:17 [32minfo[39m: PostgreSQL connected successfully
2025-11-17 17:19:17 [32minfo[39m: All databases initialized successfully
2025-11-17 17:19:17 [32minfo[39m: Server is running on port 5050
2025-11-17 17:19:20 [32minfo[39m: MongoDB connected successfully
2025-11-17 17:19:20 [32minfo[39m: PostgreSQL connected successfully
2025-11-17 17:19:20 [32minfo[39m: All databases initialized successfully
2025-11-17 17:19:20 [32minfo[39m: Server is running on port 5050
2025-11-17 17:19:22 [32minfo[39m: MongoDB connected successfully
2025-11-17 17:19:23 [32minfo[39m: PostgreSQL connected successfully
2025-11-17 17:19:23 [32minfo[39m: All databases initialized successfully
2025-11-17 17:19:23 [32minfo[39m: Server is running on port 5050
2025-11-17 17:19:25 [32minfo[39m: MongoDB connected successfully
2025-11-17 17:19:26 [32minfo[39m: PostgreSQL connected successfully
2025-11-17 17:19:26 [32minfo[39m: All databases initialized successfully
2025-11-17 17:19:26 [32minfo[39m: Server is running on port 5050
2025-11-17 17:19:31 [32minfo[39m: MongoDB connected successfully
2025-11-17 17:19:32 [32minfo[39m: PostgreSQL connected successfully
2025-11-17 17:19:32 [32minfo[39m: All databases initialized successfully
2025-11-17 17:19:32 [32minfo[39m: Server is running on port 5050
2025-11-17 17:19:37 [32minfo[39m: MongoDB connected successfully
2025-11-17 17:19:37 [32minfo[39m: PostgreSQL connected successfully
2025-11-17 17:19:37 [32minfo[39m: All databases initialized successfully
2025-11-17 17:19:37 [32minfo[39m: Server is running on port 5050
2025-11-17 17:20:15 [32minfo[39m: MongoDB connected successfully
2025-11-17 17:20:15 [32minfo[39m: PostgreSQL connected successfully
2025-11-17 17:20:15 [32minfo[39m: All databases initialized successfully
2025-11-17 17:20:15 [32minfo[39m: Server is running on port 5050
2025-11-17 17:24:46 [32minfo[39m: Service: getAllPOIVolgograd with params: amenity,buildings
2025-11-17 17:26:21 [32minfo[39m: Service: getAllPOIVolgograd with params: amenity,buildings
2025-11-17 17:28:10 [32minfo[39m: Service: getAllPOIVolgograd with params: amenity,buildings
2025-11-17 17:33:07 [32minfo[39m: PostgreSQL connected successfully
2025-11-17 17:33:07 [32minfo[39m: MongoDB connected successfully
2025-11-17 17:33:07 [32minfo[39m: All databases initialized successfully
2025-11-17 17:33:07 [32minfo[39m: Server is running on port 5050
2025-11-17 17:33:14 [32minfo[39m: MongoDB connected successfully
2025-11-17 17:33:14 [32minfo[39m: PostgreSQL connected successfully
2025-11-17 17:33:14 [32minfo[39m: All databases initialized successfully
2025-11-17 17:33:14 [32minfo[39m: Server is running on port 5050
2025-11-17 17:33:16 [32minfo[39m: MongoDB connected successfully
2025-11-17 17:33:17 [32minfo[39m: PostgreSQL connected successfully
2025-11-17 17:33:17 [32minfo[39m: All databases initialized successfully
2025-11-17 17:33:17 [32minfo[39m: Server is running on port 5050
2025-11-17 17:33:36 [32minfo[39m: MongoDB connected successfully
2025-11-17 17:33:37 [32minfo[39m: PostgreSQL connected successfully
2025-11-17 17:33:37 [32minfo[39m: All databases initialized successfully
2025-11-17 17:33:37 [32minfo[39m: Server is running on port 5050
2025-11-17 17:33:40 [32minfo[39m: MongoDB connected successfully
2025-11-17 17:33:40 [32minfo[39m: PostgreSQL connected successfully
2025-11-17 17:33:40 [32minfo[39m: All databases initialized successfully
2025-11-17 17:33:40 [32minfo[39m: Server is running on port 5050
2025-11-17 17:33:45 [32minfo[39m: MongoDB connected successfully
2025-11-17 17:33:46 [32minfo[39m: PostgreSQL connected successfully
2025-11-17 17:33:46 [32minfo[39m: All databases initialized successfully
2025-11-17 17:33:46 [32minfo[39m: Server is running on port 5050
2025-11-17 17:33:48 [32minfo[39m: MongoDB connected successfully
2025-11-17 17:33:49 [32minfo[39m: PostgreSQL connected successfully
2025-11-17 17:33:49 [32minfo[39m: All databases initialized successfully
2025-11-17 17:33:49 [32minfo[39m: Server is running on port 5050
2025-11-17 17:33:54 [32minfo[39m: MongoDB connected successfully
2025-11-17 17:33:54 [32minfo[39m: PostgreSQL connected successfully
2025-11-17 17:33:54 [32minfo[39m: All databases initialized successfully
2025-11-17 17:33:54 [32minfo[39m: Server is running on port 5050
2025-11-17 17:33:56 [32minfo[39m: MongoDB connected successfully
2025-11-17 17:33:58 [32minfo[39m: MongoDB connected successfully
2025-11-17 17:33:58 [32minfo[39m: PostgreSQL connected successfully
2025-11-17 17:33:58 [32minfo[39m: All databases initialized successfully
2025-11-17 17:33:58 [32minfo[39m: Server is running on port 5050
2025-11-17 17:34:02 [32minfo[39m: MongoDB connected successfully
2025-11-17 17:34:02 [32minfo[39m: PostgreSQL connected successfully
2025-11-17 17:34:02 [32minfo[39m: All databases initialized successfully
2025-11-17 17:34:02 [32minfo[39m: Server is running on port 5050
2025-11-17 17:34:16 [32minfo[39m: MongoDB connected successfully
2025-11-17 17:34:17 [32minfo[39m: PostgreSQL connected successfully
2025-11-17 17:34:17 [32minfo[39m: All databases initialized successfully
2025-11-17 17:34:17 [32minfo[39m: Server is running on port 5050
2025-11-17 17:34:33 [32minfo[39m: MongoDB connected successfully
2025-11-17 17:34:33 [32minfo[39m: PostgreSQL connected successfully
2025-11-17 17:34:33 [32minfo[39m: All databases initialized successfully
2025-11-17 17:34:33 [32minfo[39m: Server is running on port 5050
2025-11-17 17:35:05 [32minfo[39m: MongoDB connected successfully
2025-11-17 17:35:06 [32minfo[39m: PostgreSQL connected successfully
2025-11-17 17:35:06 [32minfo[39m: All databases initialized successfully
2025-11-17 17:35:06 [32minfo[39m: Server is running on port 5050
2025-11-17 17:35:13 [32minfo[39m: MongoDB connected successfully
2025-11-17 17:35:14 [32minfo[39m: PostgreSQL connected successfully
2025-11-17 17:35:14 [32minfo[39m: All databases initialized successfully
2025-11-17 17:35:14 [32minfo[39m: Server is running on port 5050
2025-11-17 19:40:18 [32minfo[39m: MongoDB connected successfully
2025-11-17 19:40:20 [32minfo[39m: MongoDB connected successfully
2025-11-17 19:40:20 [32minfo[39m: PostgreSQL connected successfully
2025-11-17 19:40:20 [32minfo[39m: All databases initialized successfully
2025-11-17 19:40:20 [32minfo[39m: Server is running on port 5050
2025-11-17 19:42:09 [32minfo[39m: MongoDB connected successfully
2025-11-17 19:42:09 [32minfo[39m: PostgreSQL connected successfully
2025-11-17 19:42:09 [32minfo[39m: All databases initialized successfully
2025-11-17 19:42:09 [32minfo[39m: Server is running on port 5050
2025-11-17 19:42:13 [32minfo[39m: MongoDB connected successfully
2025-11-17 19:42:14 [32minfo[39m: PostgreSQL connected successfully
2025-11-17 19:42:14 [32minfo[39m: All databases initialized successfully
2025-11-17 19:42:14 [32minfo[39m: Server is running on port 5050
2025-11-17 19:42:16 [32minfo[39m: MongoDB connected successfully
2025-11-17 19:42:17 [32minfo[39m: PostgreSQL connected successfully
2025-11-17 19:42:17 [32minfo[39m: All databases initialized successfully
2025-11-17 19:42:17 [32minfo[39m: Server is running on port 5050
2025-11-17 19:42:37 [32minfo[39m: MongoDB connected successfully
2025-11-17 19:42:37 [32minfo[39m: PostgreSQL connected successfully
2025-11-17 19:42:37 [32minfo[39m: All databases initialized successfully
2025-11-17 19:42:37 [32minfo[39m: Server is running on port 5050
2025-11-17 19:42:39 [32minfo[39m: MongoDB connected successfully
2025-11-17 19:42:39 [32minfo[39m: PostgreSQL connected successfully
2025-11-17 19:42:39 [32minfo[39m: All databases initialized successfully
2025-11-17 19:42:39 [32minfo[39m: Server is running on port 5050
2025-11-17 19:42:44 [32minfo[39m: MongoDB connected successfully
2025-11-17 19:42:45 [32minfo[39m: PostgreSQL connected successfully
2025-11-17 19:42:45 [32minfo[39m: All databases initialized successfully
2025-11-17 19:42:45 [32minfo[39m: Server is running on port 5050
2025-11-17 19:42:52 [32minfo[39m: MongoDB connected successfully
2025-11-17 19:42:53 [32minfo[39m: PostgreSQL connected successfully
2025-11-17 19:42:53 [32minfo[39m: All databases initialized successfully
2025-11-17 19:42:53 [32minfo[39m: Server is running on port 5050
2025-11-17 19:43:04 [32minfo[39m: MongoDB connected successfully
2025-11-17 19:43:06 [32minfo[39m: MongoDB connected successfully
2025-11-17 19:43:06 [32minfo[39m: PostgreSQL connected successfully
2025-11-17 19:43:06 [32minfo[39m: All databases initialized successfully
2025-11-17 19:43:06 [32minfo[39m: Server is running on port 5050
2025-11-17 19:51:26 [32minfo[39m: MongoDB connected successfully
2025-11-17 19:51:26 [32minfo[39m: PostgreSQL connected successfully
2025-11-17 19:51:26 [32minfo[39m: All databases initialized successfully
2025-11-17 19:51:26 [32minfo[39m: Server is running on port 5050
2025-11-17 19:51:32 [32minfo[39m: MongoDB connected successfully
2025-11-17 19:52:23 [32minfo[39m: MongoDB connected successfully
2025-11-17 19:52:24 [32minfo[39m: PostgreSQL connected successfully
2025-11-17 19:52:24 [32minfo[39m: All databases initialized successfully
2025-11-17 19:52:24 [32minfo[39m: Server is running on port 5050
2025-11-17 19:52:40 [32minfo[39m: MongoDB connected successfully
2025-11-17 19:52:40 [32minfo[39m: PostgreSQL connected successfully
2025-11-17 19:52:40 [32minfo[39m: All databases initialized successfully
2025-11-17 19:52:40 [32minfo[39m: Server is running on port 5050
2025-11-17 19:52:44 [32minfo[39m: MongoDB connected successfully
2025-11-17 19:52:45 [32minfo[39m: PostgreSQL connected successfully
2025-11-17 19:52:45 [32minfo[39m: All databases initialized successfully
2025-11-17 19:52:45 [32minfo[39m: Server is running on port 5050
2025-11-17 19:53:49 [32minfo[39m: MongoDB connected successfully
2025-11-17 19:53:51 [32minfo[39m: MongoDB connected successfully
2025-11-17 19:53:51 [32minfo[39m: PostgreSQL connected successfully
2025-11-17 19:53:51 [32minfo[39m: All databases initialized successfully
2025-11-17 19:53:51 [32minfo[39m: Server is running on port 5050
2025-11-17 19:55:49 [32minfo[39m: MongoDB connected successfully
2025-11-17 19:55:49 [32minfo[39m: PostgreSQL connected successfully
2025-11-17 19:55:49 [32minfo[39m: All databases initialized successfully
2025-11-17 19:55:49 [32minfo[39m: Server is running on port 5050
2025-11-17 19:55:57 [32minfo[39m: MongoDB connected successfully
2025-11-17 19:55:58 [32minfo[39m: PostgreSQL connected successfully
2025-11-17 19:55:58 [32minfo[39m: All databases initialized successfully
2025-11-17 19:55:58 [32minfo[39m: Server is running on port 5050
2025-11-17 19:56:01 [32minfo[39m: MongoDB connected successfully
2025-11-17 19:56:01 [32minfo[39m: PostgreSQL connected successfully
2025-11-17 19:56:01 [32minfo[39m: All databases initialized successfully
2025-11-17 19:56:01 [32minfo[39m: Server is running on port 5050
2025-11-17 19:56:05 [32minfo[39m: MongoDB connected successfully
2025-11-17 19:56:06 [32minfo[39m: PostgreSQL connected successfully
2025-11-17 19:56:06 [32minfo[39m: All databases initialized successfully
2025-11-17 19:56:06 [32minfo[39m: Server is running on port 5050
2025-11-17 19:56:10 [32minfo[39m: MongoDB connected successfully
2025-11-17 19:56:11 [32minfo[39m: PostgreSQL connected successfully
2025-11-17 19:56:11 [32minfo[39m: All databases initialized successfully
2025-11-17 19:56:11 [32minfo[39m: Server is running on port 5050
2025-11-17 19:56:14 [32minfo[39m: MongoDB connected successfully
2025-11-17 19:56:15 [32minfo[39m: PostgreSQL connected successfully
2025-11-17 19:56:15 [32minfo[39m: All databases initialized successfully
2025-11-17 19:56:15 [32minfo[39m: Server is running on port 5050
2025-11-17 19:56:18 [32minfo[39m: MongoDB connected successfully
2025-11-17 19:56:20 [32minfo[39m: MongoDB connected successfully
2025-11-17 19:56:20 [32minfo[39m: PostgreSQL connected successfully
2025-11-17 19:56:20 [32minfo[39m: All databases initialized successfully
2025-11-17 19:56:20 [32minfo[39m: Server is running on port 5050
2025-11-17 19:56:25 [32minfo[39m: MongoDB connected successfully
2025-11-17 19:56:26 [32minfo[39m: PostgreSQL connected successfully
2025-11-17 19:56:26 [32minfo[39m: All databases initialized successfully
2025-11-17 19:56:26 [32minfo[39m: Server is running on port 5050
2025-11-17 19:56:32 [32minfo[39m: MongoDB connected successfully
2025-11-17 19:56:34 [32minfo[39m: MongoDB connected successfully
2025-11-17 19:56:35 [32minfo[39m: PostgreSQL connected successfully
2025-11-17 19:56:35 [32minfo[39m: All databases initialized successfully
2025-11-17 19:56:35 [32minfo[39m: Server is running on port 5050
2025-11-17 19:56:37 [32minfo[39m: MongoDB connected successfully
2025-11-17 19:56:38 [32minfo[39m: PostgreSQL connected successfully
2025-11-17 19:56:38 [32minfo[39m: All databases initialized successfully
2025-11-17 19:56:38 [32minfo[39m: Server is running on port 5050
2025-11-17 19:56:46 [32minfo[39m: MongoDB connected successfully
2025-11-17 19:56:47 [32minfo[39m: PostgreSQL connected successfully
2025-11-17 19:56:47 [32minfo[39m: All databases initialized successfully
2025-11-17 19:56:47 [32minfo[39m: Server is running on port 5050
2025-11-17 19:56:58 [32minfo[39m: MongoDB connected successfully
2025-11-17 19:56:58 [32minfo[39m: PostgreSQL connected successfully
2025-11-17 19:56:58 [32minfo[39m: All databases initialized successfully
2025-11-17 19:56:58 [32minfo[39m: Server is running on port 5050
2025-11-17 19:57:00 [32minfo[39m: MongoDB connected successfully
2025-11-17 19:57:01 [32minfo[39m: PostgreSQL connected successfully
2025-11-17 19:57:01 [32minfo[39m: All databases initialized successfully
2025-11-17 19:57:01 [32minfo[39m: Server is running on port 5050
2025-11-17 19:57:06 [32minfo[39m: MongoDB connected successfully
2025-11-17 19:57:07 [32minfo[39m: PostgreSQL connected successfully
2025-11-17 19:57:07 [32minfo[39m: All databases initialized successfully
2025-11-17 19:57:07 [32minfo[39m: Server is running on port 5050
2025-11-17 19:57:10 [32minfo[39m: MongoDB connected successfully
2025-11-17 19:57:11 [32minfo[39m: PostgreSQL connected successfully
2025-11-17 19:57:11 [32minfo[39m: All databases initialized successfully
2025-11-17 19:57:11 [32minfo[39m: Server is running on port 5050
2025-11-17 19:57:16 [32minfo[39m: MongoDB connected successfully
2025-11-17 19:57:17 [32minfo[39m: PostgreSQL connected successfully
2025-11-17 19:57:17 [32minfo[39m: All databases initialized successfully
2025-11-17 19:57:17 [32minfo[39m: Server is running on port 5050
2025-11-17 19:57:58 [32minfo[39m: MongoDB connected successfully
2025-11-17 19:57:58 [32minfo[39m: PostgreSQL connected successfully
2025-11-17 19:57:58 [32minfo[39m: All databases initialized successfully
2025-11-17 19:57:58 [32minfo[39m: Server is running on port 5050
2025-11-17 19:58:01 [32minfo[39m: MongoDB connected successfully
2025-11-17 19:58:02 [32minfo[39m: PostgreSQL connected successfully
2025-11-17 19:58:02 [32minfo[39m: All databases initialized successfully
2025-11-17 19:58:02 [32minfo[39m: Server is running on port 5050
2025-11-17 19:58:05 [32minfo[39m: MongoDB connected successfully
2025-11-17 19:58:05 [32minfo[39m: PostgreSQL connected successfully
2025-11-17 19:58:05 [32minfo[39m: All databases initialized successfully
2025-11-17 19:58:05 [32minfo[39m: Server is running on port 5050
2025-11-17 19:58:07 [32minfo[39m: MongoDB connected successfully
2025-11-17 19:58:08 [32minfo[39m: PostgreSQL connected successfully
2025-11-17 19:58:08 [32minfo[39m: All databases initialized successfully
2025-11-17 19:58:08 [32minfo[39m: Server is running on port 5050
2025-11-17 19:58:12 [32minfo[39m: MongoDB connected successfully
2025-11-17 19:58:12 [32minfo[39m: PostgreSQL connected successfully
2025-11-17 19:58:12 [32minfo[39m: All databases initialized successfully
2025-11-17 19:58:12 [32minfo[39m: Server is running on port 5050
2025-11-17 19:58:14 [32minfo[39m: MongoDB connected successfully
2025-11-17 19:58:14 [32minfo[39m: PostgreSQL connected successfully
2025-11-17 19:58:14 [32minfo[39m: All databases initialized successfully
2025-11-17 19:58:14 [32minfo[39m: Server is running on port 5050
2025-11-17 20:00:16 [32minfo[39m: MongoDB connected successfully
2025-11-17 20:00:17 [32minfo[39m: PostgreSQL connected successfully
2025-11-17 20:00:17 [32minfo[39m: All databases initialized successfully
2025-11-17 20:00:17 [32minfo[39m: Server is running on port 5050
2025-11-17 20:00:23 [32minfo[39m: MongoDB connected successfully
2025-11-17 20:00:24 [32minfo[39m: PostgreSQL connected successfully
2025-11-17 20:00:24 [32minfo[39m: All databases initialized successfully
2025-11-17 20:00:24 [32minfo[39m: Server is running on port 5050
2025-11-17 20:13:06 [32minfo[39m: MongoDB connected successfully
2025-11-17 20:13:07 [32minfo[39m: PostgreSQL connected successfully
2025-11-17 20:13:07 [32minfo[39m: All databases initialized successfully
2025-11-17 20:13:07 [32minfo[39m: Server is running on port 5050
2025-11-17 20:13:13 [32minfo[39m: MongoDB connected successfully
2025-11-17 20:13:14 [32minfo[39m: PostgreSQL connected successfully
2025-11-17 20:13:14 [32minfo[39m: All databases initialized successfully
2025-11-17 20:13:14 [32minfo[39m: Server is running on port 5050
2025-11-17 20:13:14 [31merror[39m: Error in POST /api/geo-data/route: console.erroror is not a function
2025-11-17 20:13:14 [31merror[39m: Error in POST /api/geo-data/route: console.erroror is not a function
2025-11-17 20:13:14 [31merror[39m: Error in POST /api/geo-data/route: console.erroror is not a function
2025-11-17 20:13:14 [31merror[39m: Error in POST /api/geo-data/route: console.erroror is not a function
2025-11-17 20:13:14 [31merror[39m: Error in POST /api/geo-data/route: console.erroror is not a function
2025-11-17 20:13:14 [31merror[39m: Error in POST /api/geo-data/route: console.erroror is not a function
2025-11-17 20:13:14 [31merror[39m: Error in POST /api/geo-data/route: console.erroror is not a function
2025-11-17 20:13:14 [31merror[39m: Error in POST /api/geo-data/route: console.erroror is not a function
2025-11-17 20:13:14 [31merror[39m: Error in POST /api/geo-data/route: console.erroror is not a function
2025-11-17 20:13:14 [31merror[39m: Error in POST /api/geo-data/route: console.erroror is not a function
2025-11-17 20:13:14 [31merror[39m: Error in POST /api/geo-data/route: console.erroror is not a function
2025-11-17 20:13:14 [31merror[39m: Error in POST /api/geo-data/route: console.erroror is not a function
2025-11-17 20:13:14 [31merror[39m: Error in POST /api/geo-data/route: console.erroror is not a function
2025-11-17 20:13:14 [31merror[39m: Error in POST /api/geo-data/route: console.erroror is not a function
2025-11-17 20:13:14 [31merror[39m: Error in POST /api/geo-data/route: console.erroror is not a function
2025-11-17 20:13:14 [31merror[39m: Error in POST /api/geo-data/route: console.erroror is not a function
2025-11-17 20:13:14 [31merror[39m: Error in POST /api/geo-data/route: console.erroror is not a function
2025-11-17 20:13:14 [31merror[39m: Error in POST /api/geo-data/route: console.erroror is not a function
2025-11-17 20:13:14 [31merror[39m: Error in POST /api/geo-data/route: console.erroror is not a function
2025-11-17 20:13:14 [31merror[39m: Error in POST /api/geo-data/route: console.erroror is not a function
2025-11-17 20:13:14 [31merror[39m: Error in POST /api/geo-data/route: console.erroror is not a function
2025-11-17 20:13:14 [31merror[39m: Error in POST /api/geo-data/route: console.erroror is not a function
2025-11-17 20:13:14 [31merror[39m: Error in POST /api/geo-data/route: console.erroror is not a function
2025-11-17 20:13:14 [31merror[39m: Error in POST /api/geo-data/route: console.erroror is not a function
2025-11-17 20:13:14 [31merror[39m: Error in POST /api/geo-data/route: console.erroror is not a function
2025-11-17 20:13:14 [31merror[39m: Error in POST /api/geo-data/route: console.erroror is not a function
2025-11-17 20:13:14 [31merror[39m: Error in POST /api/geo-data/route: console.erroror is not a function
2025-11-17 20:13:14 [31merror[39m: Error in POST /api/geo-data/route: console.erroror is not a function
2025-11-17 20:14:46 [31merror[39m: Error in POST /api/geo-data/route: console.erroror is not a function
2025-11-17 20:14:46 [31merror[39m: Error in POST /api/geo-data/route: console.erroror is not a function
2025-11-17 20:14:46 [31merror[39m: Error in POST /api/geo-data/route: console.erroror is not a function
2025-11-17 20:14:46 [31merror[39m: Error in POST /api/geo-data/route: console.erroror is not a function
2025-11-17 20:14:46 [31merror[39m: Error in POST /api/geo-data/route: console.erroror is not a function
2025-11-17 20:14:46 [31merror[39m: Error in POST /api/geo-data/route: console.erroror is not a function
2025-11-17 20:14:46 [31merror[39m: Error in POST /api/geo-data/route: console.erroror is not a function
2025-11-17 20:14:46 [31merror[39m: Error in POST /api/geo-data/route: console.erroror is not a function
2025-11-17 20:14:46 [31merror[39m: Error in POST /api/geo-data/route: console.erroror is not a function
2025-11-17 20:14:46 [31merror[39m: Error in POST /api/geo-data/route: console.erroror is not a function
2025-11-17 20:14:46 [31merror[39m: Error in POST /api/geo-data/route: console.erroror is not a function
2025-11-17 20:14:46 [31merror[39m: Error in POST /api/geo-data/route: console.erroror is not a function
2025-11-17 20:14:46 [31merror[39m: Error in POST /api/geo-data/route: console.erroror is not a function
2025-11-17 20:14:46 [31merror[39m: Error in POST /api/geo-data/route: console.erroror is not a function
2025-11-17 20:14:46 [31merror[39m: Error in POST /api/geo-data/route: console.erroror is not a function
2025-11-17 20:14:46 [31merror[39m: Error in POST /api/geo-data/route: console.erroror is not a function
2025-11-17 20:14:46 [31merror[39m: Error in POST /api/geo-data/route: console.erroror is not a function
2025-11-17 20:14:46 [31merror[39m: Error in POST /api/geo-data/route: console.erroror is not a function
2025-11-17 20:14:46 [31merror[39m: Error in POST /api/geo-data/route: console.erroror is not a function
2025-11-17 20:14:46 [31merror[39m: Error in POST /api/geo-data/route: console.erroror is not a function
2025-11-17 20:14:46 [31merror[39m: Error in POST /api/geo-data/route: console.erroror is not a function
2025-11-17 20:14:46 [31merror[39m: Error in POST /api/geo-data/route: console.erroror is not a function
2025-11-17 20:14:46 [31merror[39m: Error in POST /api/geo-data/route: console.erroror is not a function
2025-11-17 20:14:46 [31merror[39m: Error in POST /api/geo-data/route: console.erroror is not a function
2025-11-17 20:14:46 [31merror[39m: Error in POST /api/geo-data/route: console.erroror is not a function
2025-11-17 20:14:46 [31merror[39m: Error in POST /api/geo-data/route: console.erroror is not a function
2025-11-17 20:14:46 [31merror[39m: Error in POST /api/geo-data/route: console.erroror is not a function
2025-11-17 20:14:46 [31merror[39m: Error in POST /api/geo-data/route: console.erroror is not a function
2025-11-17 20:14:46 [31merror[39m: Error in POST /api/geo-data/route: console.erroror is not a function
2025-11-17 20:14:46 [31merror[39m: Error in POST /api/geo-data/route: console.erroror is not a function
2025-11-17 20:14:46 [31merror[39m: Error in POST /api/geo-data/route: console.erroror is not a function
2025-11-17 20:14:46 [31merror[39m: Error in POST /api/geo-data/route: console.erroror is not a function
2025-11-17 20:14:46 [31merror[39m: Error in POST /api/geo-data/route: console.erroror is not a function
2025-11-17 20:14:46 [31merror[39m: Error in POST /api/geo-data/route: console.erroror is not a function
2025-11-17 20:14:46 [31merror[39m: Error in POST /api/geo-data/route: console.erroror is not a function
2025-11-17 20:14:46 [31merror[39m: Error in POST /api/geo-data/route: console.erroror is not a function
2025-11-17 20:14:46 [31merror[39m: Error in POST /api/geo-data/route: console.erroror is not a function
2025-11-17 20:14:46 [31merror[39m: Error in POST /api/geo-data/route: console.erroror is not a function
2025-11-17 20:14:46 [31merror[39m: Error in POST /api/geo-data/route: console.erroror is not a function
2025-11-17 20:14:46 [31merror[39m: Error in POST /api/geo-data/route: console.erroror is not a function
2025-11-17 20:14:46 [31merror[39m: Error in POST /api/geo-data/route: console.erroror is not a function
2025-11-17 20:14:46 [31merror[39m: Error in POST /api/geo-data/route: console.erroror is not a function
2025-11-17 20:14:46 [31merror[39m: Error in POST /api/geo-data/route: console.erroror is not a function
2025-11-17 20:14:46 [31merror[39m: Error in POST /api/geo-data/route: console.erroror is not a function
2025-11-17 20:14:46 [31merror[39m: Error in POST /api/geo-data/route: console.erroror is not a function
2025-11-17 20:14:46 [31merror[39m: Error in POST /api/geo-data/route: console.erroror is not a function
2025-11-17 20:14:46 [31merror[39m: Error in POST /api/geo-data/route: console.erroror is not a function
2025-11-17 20:14:46 [31merror[39m: Error in POST /api/geo-data/route: console.erroror is not a function
2025-11-17 20:14:46 [31merror[39m: Error in POST /api/geo-data/route: console.erroror is not a function
2025-11-17 20:14:46 [31merror[39m: Error in POST /api/geo-data/route: console.erroror is not a function
2025-11-17 20:14:46 [31merror[39m: Error in POST /api/geo-data/route: console.erroror is not a function
2025-11-17 20:14:46 [31merror[39m: Error in POST /api/geo-data/route: console.erroror is not a function
2025-11-17 20:14:46 [31merror[39m: Error in POST /api/geo-data/route: console.erroror is not a function
2025-11-17 20:14:46 [31merror[39m: Error in POST /api/geo-data/route: console.erroror is not a function
2025-11-17 20:14:46 [31merror[39m: Error in POST /api/geo-data/route: console.erroror is not a function
2025-11-17 20:14:46 [31merror[39m: Error in POST /api/geo-data/route: console.erroror is not a function
2025-11-17 20:14:46 [31merror[39m: Error in POST /api/geo-data/route: console.erroror is not a function
2025-11-17 20:14:46 [31merror[39m: Error in POST /api/geo-data/route: console.erroror is not a function
2025-11-17 20:14:46 [31merror[39m: Error in POST /api/geo-data/route: console.erroror is not a function
2025-11-17 20:14:46 [31merror[39m: Error in POST /api/geo-data/route: console.erroror is not a function
2025-11-17 20:14:46 [31merror[39m: Error in POST /api/geo-data/route: console.erroror is not a function
2025-11-17 20:14:46 [31merror[39m: Error in POST /api/geo-data/route: console.erroror is not a function
2025-11-17 20:14:46 [31merror[39m: Error in POST /api/geo-data/route: console.erroror is not a function
2025-11-17 20:14:46 [31merror[39m: Error in POST /api/geo-data/route: console.erroror is not a function
2025-11-17 20:14:46 [31merror[39m: Error in POST /api/geo-data/route: console.erroror is not a function
2025-11-17 20:14:46 [31merror[39m: Error in POST /api/geo-data/route: console.erroror is not a function
2025-11-17 20:14:46 [31merror[39m: Error in POST /api/geo-data/route: console.erroror is not a function
2025-11-17 20:14:46 [31merror[39m: Error in POST /api/geo-data/route: console.erroror is not a function
2025-11-17 20:15:13 [31merror[39m: Error in POST /api/geo-data/route: console.erroror is not a function
2025-11-17 20:15:13 [31merror[39m: Error in POST /api/geo-data/route: console.erroror is not a function
2025-11-17 20:15:16 [31merror[39m: Error in POST /api/geo-data/route: console.erroror is not a function
2025-11-17 20:15:16 [31merror[39m: Error in POST /api/geo-data/route: console.erroror is not a function
2025-11-17 20:15:27 [31merror[39m: Error in POST /api/geo-data/route: console.erroror is not a function
2025-11-17 20:15:27 [31merror[39m: Error in POST /api/geo-data/route: console.erroror is not a function
2025-11-17 20:16:01 [32minfo[39m: MongoDB connected successfully
2025-11-17 20:16:01 [32minfo[39m: PostgreSQL connected successfully
2025-11-17 20:16:01 [32minfo[39m: All databases initialized successfully
2025-11-17 20:16:01 [32minfo[39m: Server is running on port 5050
2025-11-17 20:20:43 [32minfo[39m: MongoDB connected successfully
2025-11-17 20:20:43 [32minfo[39m: PostgreSQL connected successfully
2025-11-17 20:20:43 [32minfo[39m: All databases initialized successfully
2025-11-17 20:20:43 [32minfo[39m: Server is running on port 5050
2025-11-17 20:24:30 [32minfo[39m: MongoDB connected successfully
2025-11-17 20:24:31 [32minfo[39m: PostgreSQL connected successfully
2025-11-17 20:24:31 [32minfo[39m: All databases initialized successfully
2025-11-17 20:24:31 [32minfo[39m: Server is running on port 5050
2025-11-17 20:24:50 [32minfo[39m: MongoDB connected successfully
2025-11-17 20:24:51 [32minfo[39m: PostgreSQL connected successfully
2025-11-17 20:24:51 [32minfo[39m: All databases initialized successfully
2025-11-17 20:24:51 [32minfo[39m: Server is running on port 5050
2025-11-17 20:25:06 [32minfo[39m: MongoDB connected successfully
2025-11-17 20:25:06 [32minfo[39m: PostgreSQL connected successfully
2025-11-17 20:25:06 [32minfo[39m: All databases initialized successfully
2025-11-17 20:25:06 [32minfo[39m: Server is running on port 5050
2025-11-17 20:25:28 [32minfo[39m: MongoDB connected successfully
2025-11-17 20:25:29 [32minfo[39m: PostgreSQL connected successfully
2025-11-17 20:25:29 [32minfo[39m: All databases initialized successfully
2025-11-17 20:25:29 [32minfo[39m: Server is running on port 5050
2025-11-17 20:26:46 [32minfo[39m: MongoDB connected successfully
2025-11-17 20:26:46 [32minfo[39m: PostgreSQL connected successfully
2025-11-17 20:26:46 [32minfo[39m: All databases initialized successfully
2025-11-17 20:26:46 [32minfo[39m: Server is running on port 5050
2025-11-17 20:26:51 [32minfo[39m: MongoDB connected successfully
2025-11-17 20:26:51 [32minfo[39m: PostgreSQL connected successfully
2025-11-17 20:26:51 [32minfo[39m: All databases initialized successfully
2025-11-17 20:26:51 [32minfo[39m: Server is running on port 5050
2025-11-17 20:26:56 [32minfo[39m: MongoDB connected successfully
2025-11-17 20:26:56 [32minfo[39m: PostgreSQL connected successfully
2025-11-17 20:26:56 [32minfo[39m: All databases initialized successfully
2025-11-17 20:26:56 [32minfo[39m: Server is running on port 5050
2025-11-17 20:28:05 [32minfo[39m: MongoDB connected successfully
2025-11-17 20:28:06 [32minfo[39m: PostgreSQL connected successfully
2025-11-17 20:28:06 [32minfo[39m: All databases initialized successfully
2025-11-17 20:28:06 [32minfo[39m: Server is running on port 5050
2025-11-17 20:28:10 [32minfo[39m: MongoDB connected successfully
2025-11-17 20:28:10 [32minfo[39m: PostgreSQL connected successfully
2025-11-17 20:28:10 [32minfo[39m: All databases initialized successfully
2025-11-17 20:28:10 [32minfo[39m: Server is running on port 5050
2025-11-17 20:28:15 [32minfo[39m: MongoDB connected successfully
2025-11-17 20:28:16 [32minfo[39m: PostgreSQL connected successfully
2025-11-17 20:28:16 [32minfo[39m: All databases initialized successfully
2025-11-17 20:28:16 [32minfo[39m: Server is running on port 5050
2025-11-17 20:28:20 [32minfo[39m: MongoDB connected successfully
2025-11-17 20:28:21 [32minfo[39m: PostgreSQL connected successfully
2025-11-17 20:28:21 [32minfo[39m: All databases initialized successfully
2025-11-17 20:28:21 [32minfo[39m: Server is running on port 5050
2025-11-17 20:30:39 [32minfo[39m: MongoDB connected successfully
2025-11-17 20:30:41 [32minfo[39m: MongoDB connected successfully
2025-11-17 20:30:42 [32minfo[39m: PostgreSQL connected successfully
2025-11-17 20:30:42 [32minfo[39m: All databases initialized successfully
2025-11-17 20:30:42 [32minfo[39m: Server is running on port 5050
2025-11-17 20:30:46 [32minfo[39m: MongoDB connected successfully
2025-11-17 20:30:46 [32minfo[39m: PostgreSQL connected successfully
2025-11-17 20:30:46 [32minfo[39m: All databases initialized successfully
2025-11-17 20:30:46 [32minfo[39m: Server is running on port 5050
2025-11-17 20:30:49 [32minfo[39m: MongoDB connected successfully
2025-11-17 20:30:49 [32minfo[39m: PostgreSQL connected successfully
2025-11-17 20:30:49 [32minfo[39m: All databases initialized successfully
2025-11-17 20:30:49 [32minfo[39m: Server is running on port 5050
2025-11-17 20:34:11 [32minfo[39m: MongoDB connected successfully
2025-11-17 20:34:12 [32minfo[39m: PostgreSQL connected successfully
2025-11-17 20:34:12 [32minfo[39m: All databases initialized successfully
2025-11-17 20:34:12 [32minfo[39m: Server is running on port 5050
2025-11-17 20:34:17 [32minfo[39m: MongoDB connected successfully
2025-11-17 20:34:18 [32minfo[39m: PostgreSQL connected successfully
2025-11-17 20:34:18 [32minfo[39m: All databases initialized successfully
2025-11-17 20:34:18 [32minfo[39m: Server is running on port 5050
2025-11-17 20:34:36 [32minfo[39m: MongoDB connected successfully
2025-11-17 20:34:37 [32minfo[39m: PostgreSQL connected successfully
2025-11-17 20:34:37 [32minfo[39m: All databases initialized successfully
2025-11-17 20:34:37 [32minfo[39m: Server is running on port 5050
2025-11-17 20:34:40 [32minfo[39m: MongoDB connected successfully
2025-11-17 20:34:40 [32minfo[39m: PostgreSQL connected successfully
2025-11-17 20:34:40 [32minfo[39m: All databases initialized successfully
2025-11-17 20:34:40 [32minfo[39m: Server is running on port 5050
2025-11-17 20:34:46 [32minfo[39m: MongoDB connected successfully
2025-11-17 20:34:51 [32minfo[39m: MongoDB connected successfully
2025-11-17 20:35:03 [32minfo[39m: MongoDB connected successfully
2025-11-17 20:35:18 [32minfo[39m: PostgreSQL connected successfully
2025-11-17 20:35:18 [32minfo[39m: All databases initialized successfully
2025-11-17 20:35:18 [32minfo[39m: Server is running on port 5050
2025-11-17 20:37:18 [32minfo[39m: MongoDB connected successfully
2025-11-17 20:37:29 [32minfo[39m: MongoDB connected successfully
2025-11-17 20:37:38 [32minfo[39m: MongoDB connected successfully
2025-11-17 20:37:46 [32minfo[39m: MongoDB connected successfully
2025-11-17 20:38:01 [32minfo[39m: PostgreSQL connected successfully
2025-11-17 20:38:01 [32minfo[39m: All databases initialized successfully
2025-11-17 20:38:01 [32minfo[39m: Server is running on port 5050
2025-11-17 20:38:29 [32minfo[39m: MongoDB connected successfully
2025-11-17 20:38:33 [32minfo[39m: MongoDB connected successfully
2025-11-17 20:38:44 [32minfo[39m: MongoDB connected successfully
2025-11-17 20:38:47 [32minfo[39m: MongoDB connected successfully
2025-11-17 20:38:49 [32minfo[39m: MongoDB connected successfully
2025-11-17 20:39:03 [32minfo[39m: PostgreSQL connected successfully
2025-11-17 20:39:03 [32minfo[39m: All databases initialized successfully
2025-11-17 20:39:03 [32minfo[39m: Server is running on port 5050
2025-11-17 20:39:30 [32minfo[39m: MongoDB connected successfully
2025-11-17 20:39:33 [32minfo[39m: MongoDB connected successfully
2025-11-17 20:39:46 [32minfo[39m: MongoDB connected successfully
2025-11-17 20:40:12 [32minfo[39m: PostgreSQL connected successfully
2025-11-17 20:40:12 [32minfo[39m: All databases initialized successfully
2025-11-17 20:40:12 [32minfo[39m: Server is running on port 5050
2025-11-17 20:42:10 [32minfo[39m: MongoDB connected successfully
2025-11-17 20:42:11 [32minfo[39m: PostgreSQL connected successfully
2025-11-17 20:42:11 [32minfo[39m: All databases initialized successfully
2025-11-17 20:42:11 [32minfo[39m: Server is running on port 5050
2025-11-17 20:42:18 [32minfo[39m: MongoDB connected successfully
2025-11-17 20:42:33 [32minfo[39m: PostgreSQL connected successfully
2025-11-17 20:42:33 [32minfo[39m: All databases initialized successfully
2025-11-17 20:42:33 [32minfo[39m: Server is running on port 5050
2025-11-17 20:45:40 [31merror[39m: PostgreSQL connection error: role "postgres" does not exist
2025-11-17 20:45:42 [31merror[39m: PostgreSQL connection error: role "postgres" does not exist
2025-11-17 20:45:45 [31merror[39m: PostgreSQL connection error: role "postgres" does not exist
2025-11-17 20:45:47 [31merror[39m: PostgreSQL connection error: role "postgres" does not exist
2025-11-17 20:46:02 [32minfo[39m: MongoDB connected successfully
2025-11-17 20:46:04 [32minfo[39m: PostgreSQL connected successfully
2025-11-17 20:46:04 [32minfo[39m: All databases initialized successfully
2025-11-17 20:46:04 [32minfo[39m: Server is running on port 5050
2025-11-17 20:46:15 [32minfo[39m: MongoDB connected successfully
2025-11-17 20:46:17 [32minfo[39m: PostgreSQL connected successfully
2025-11-17 20:46:17 [32minfo[39m: All databases initialized successfully
2025-11-17 20:46:17 [32minfo[39m: Server is running on port 5050
2025-11-17 20:47:57 [32minfo[39m: MongoDB connected successfully
2025-11-17 20:48:04 [32minfo[39m: PostgreSQL connected successfully
2025-11-17 20:48:04 [32minfo[39m: All databases initialized successfully
2025-11-17 20:48:04 [32minfo[39m: Server is running on port 5050
2025-11-17 20:48:25 [32minfo[39m: MongoDB connected successfully
2025-11-17 20:48:25 [32minfo[39m: PostgreSQL connected successfully
2025-11-17 20:48:25 [32minfo[39m: All databases initialized successfully
2025-11-17 20:48:25 [32minfo[39m: Server is running on port 5050
2025-11-17 20:48:30 [32minfo[39m: MongoDB connected successfully
2025-11-17 20:48:30 [32minfo[39m: PostgreSQL connected successfully
2025-11-17 20:48:30 [32minfo[39m: All databases initialized successfully
2025-11-17 20:48:30 [32minfo[39m: Server is running on port 5050
2025-11-17 20:48:57 [32minfo[39m: MongoDB connected successfully
2025-11-17 20:49:02 [32minfo[39m: MongoDB connected successfully
2025-11-17 20:49:26 [32minfo[39m: MongoDB connected successfully
2025-11-17 20:49:49 [32minfo[39m: PostgreSQL connected successfully
2025-11-17 20:49:49 [32minfo[39m: All databases initialized successfully
2025-11-17 20:49:49 [32minfo[39m: Server is running on port 5050
2025-11-17 20:51:18 [32minfo[39m: MongoDB connected successfully
2025-11-17 20:51:18 [32minfo[39m: PostgreSQL connected successfully
2025-11-17 20:51:18 [32minfo[39m: All databases initialized successfully
2025-11-17 20:51:18 [32minfo[39m: Server is running on port 5050
2025-11-17 21:03:24 [32minfo[39m: MongoDB connected successfully
2025-11-17 21:03:24 [32minfo[39m: PostgreSQL connected successfully
2025-11-17 21:03:24 [32minfo[39m: All databases initialized successfully
2025-11-17 21:03:24 [32minfo[39m: Server is running on port 5050
2025-11-17 21:06:05 [32minfo[39m: MongoDB connected successfully
2025-11-17 21:06:07 [32minfo[39m: MongoDB connected successfully
2025-11-17 21:06:08 [32minfo[39m: PostgreSQL connected successfully
2025-11-17 21:06:08 [32minfo[39m: All databases initialized successfully
2025-11-17 21:06:08 [32minfo[39m: Server is running on port 5050
2025-11-17 21:06:21 [32minfo[39m: MongoDB connected successfully
2025-11-17 21:06:22 [32minfo[39m: PostgreSQL connected successfully
2025-11-17 21:06:22 [32minfo[39m: All databases initialized successfully
2025-11-17 21:06:22 [32minfo[39m: Server is running on port 5050
2025-11-17 21:06:27 [32minfo[39m: MongoDB connected successfully
2025-11-17 21:06:27 [32minfo[39m: PostgreSQL connected successfully
2025-11-17 21:06:27 [32minfo[39m: All databases initialized successfully
2025-11-17 21:06:27 [32minfo[39m: Server is running on port 5050
2025-11-17 21:06:36 [32minfo[39m: MongoDB connected successfully
2025-11-17 21:06:36 [32minfo[39m: PostgreSQL connected successfully
2025-11-17 21:06:36 [32minfo[39m: All databases initialized successfully
2025-11-17 21:06:36 [32minfo[39m: Server is running on port 5050
2025-11-17 21:09:25 [32minfo[39m: MongoDB connected successfully
2025-11-17 21:09:25 [32minfo[39m: PostgreSQL connected successfully
2025-11-17 21:09:25 [32minfo[39m: All databases initialized successfully
2025-11-17 21:09:25 [32minfo[39m: Server is running on port 5050
2025-11-17 21:09:53 [32minfo[39m: MongoDB connected successfully
2025-11-17 21:09:53 [32minfo[39m: PostgreSQL connected successfully
2025-11-17 21:09:53 [32minfo[39m: All databases initialized successfully
2025-11-17 21:09:53 [32minfo[39m: Server is running on port 5050
2025-11-17 21:10:00 [32minfo[39m: MongoDB connected successfully
2025-11-17 21:10:01 [32minfo[39m: PostgreSQL connected successfully
2025-11-17 21:10:01 [32minfo[39m: All databases initialized successfully
2025-11-17 21:10:01 [32minfo[39m: Server is running on port 5050
2025-11-17 21:11:42 [32minfo[39m: MongoDB connected successfully
2025-11-17 21:11:42 [32minfo[39m: PostgreSQL connected successfully
2025-11-17 21:11:42 [32minfo[39m: All databases initialized successfully
2025-11-17 21:11:42 [32minfo[39m: Server is running on port 5050
2025-11-17 21:11:48 [32minfo[39m: MongoDB connected successfully
2025-11-17 21:11:48 [32minfo[39m: PostgreSQL connected successfully
2025-11-17 21:11:48 [32minfo[39m: All databases initialized successfully
2025-11-17 21:11:48 [32minfo[39m: Server is running on port 5050
2025-11-17 21:11:52 [32minfo[39m: MongoDB connected successfully
2025-11-17 21:11:52 [32minfo[39m: PostgreSQL connected successfully
2025-11-17 21:11:52 [32minfo[39m: All databases initialized successfully
2025-11-17 21:11:52 [32minfo[39m: Server is running on port 5050
2025-11-17 21:12:19 [32minfo[39m: MongoDB connected successfully
2025-11-17 21:12:20 [32minfo[39m: PostgreSQL connected successfully
2025-11-17 21:12:20 [32minfo[39m: All databases initialized successfully
2025-11-17 21:12:20 [32minfo[39m: Server is running on port 5050
2025-11-17 21:17:39 [32minfo[39m: MongoDB connected successfully
2025-11-17 21:17:39 [32minfo[39m: PostgreSQL connected successfully
2025-11-17 21:17:39 [32minfo[39m: All databases initialized successfully
2025-11-17 21:17:39 [32minfo[39m: Server is running on port 5050
2025-11-17 21:18:58 [32minfo[39m: MongoDB connected successfully
2025-11-17 21:18:58 [32minfo[39m: PostgreSQL connected successfully
2025-11-17 21:18:58 [32minfo[39m: All databases initialized successfully
2025-11-17 21:18:58 [32minfo[39m: Server is running on port 5050
2025-11-17 21:19:13 [32minfo[39m: MongoDB connected successfully
2025-11-17 21:19:15 [32minfo[39m: MongoDB connected successfully
2025-11-17 21:19:15 [32minfo[39m: PostgreSQL connected successfully
2025-11-17 21:19:15 [32minfo[39m: All databases initialized successfully
2025-11-17 21:19:15 [32minfo[39m: Server is running on port 5050
2025-11-17 21:20:32 [32minfo[39m: MongoDB connected successfully
2025-11-17 21:20:32 [32minfo[39m: PostgreSQL connected successfully
2025-11-17 21:20:32 [32minfo[39m: All databases initialized successfully
2025-11-17 21:20:32 [32minfo[39m: Server is running on port 5050
2025-11-17 21:24:05 [32minfo[39m: MongoDB connected successfully
2025-11-17 21:24:06 [32minfo[39m: PostgreSQL connected successfully
2025-11-17 21:24:06 [32minfo[39m: All databases initialized successfully
2025-11-17 21:24:06 [32minfo[39m: Server is running on port 5050
2025-11-17 21:24:10 [32minfo[39m: MongoDB connected successfully
2025-11-17 21:24:10 [32minfo[39m: PostgreSQL connected successfully
2025-11-17 21:24:10 [32minfo[39m: All databases initialized successfully
2025-11-17 21:24:10 [32minfo[39m: Server is running on port 5050
2025-11-17 21:24:37 [32minfo[39m: MongoDB connected successfully
2025-11-17 21:24:38 [32minfo[39m: PostgreSQL connected successfully
2025-11-17 21:24:38 [32minfo[39m: All databases initialized successfully
2025-11-17 21:24:38 [32minfo[39m: Server is running on port 5050
2025-11-17 21:24:40 [32minfo[39m: MongoDB connected successfully
2025-11-17 21:24:40 [32minfo[39m: PostgreSQL connected successfully
2025-11-17 21:24:40 [32minfo[39m: All databases initialized successfully
2025-11-17 21:24:40 [32minfo[39m: Server is running on port 5050
2025-11-17 21:24:42 [32minfo[39m: MongoDB connected successfully
2025-11-17 21:24:43 [32minfo[39m: PostgreSQL connected successfully
2025-11-17 21:24:43 [32minfo[39m: All databases initialized successfully
2025-11-17 21:24:43 [32minfo[39m: Server is running on port 5050
2025-11-17 21:24:55 [32minfo[39m: MongoDB connected successfully
2025-11-17 21:24:55 [32minfo[39m: PostgreSQL connected successfully
2025-11-17 21:24:55 [32minfo[39m: All databases initialized successfully
2025-11-17 21:24:55 [32minfo[39m: Server is running on port 5050
2025-11-17 21:25:00 [32minfo[39m: MongoDB connected successfully
2025-11-17 21:25:00 [32minfo[39m: PostgreSQL connected successfully
2025-11-17 21:25:00 [32minfo[39m: All databases initialized successfully
2025-11-17 21:25:00 [32minfo[39m: Server is running on port 5050
2025-11-17 21:25:04 [32minfo[39m: MongoDB connected successfully
2025-11-17 21:25:04 [32minfo[39m: PostgreSQL connected successfully
2025-11-17 21:25:04 [32minfo[39m: All databases initialized successfully
2025-11-17 21:25:04 [32minfo[39m: Server is running on port 5050
2025-11-17 21:25:06 [32minfo[39m: MongoDB connected successfully
2025-11-17 21:25:07 [32minfo[39m: PostgreSQL connected successfully
2025-11-17 21:25:07 [32minfo[39m: All databases initialized successfully
2025-11-17 21:25:07 [32minfo[39m: Server is running on port 5050
2025-11-17 21:25:15 [32minfo[39m: MongoDB connected successfully
2025-11-17 21:25:16 [32minfo[39m: PostgreSQL connected successfully
2025-11-17 21:25:16 [32minfo[39m: All databases initialized successfully
2025-11-17 21:25:16 [32minfo[39m: Server is running on port 5050
2025-11-17 21:25:19 [32minfo[39m: MongoDB connected successfully
2025-11-17 21:25:19 [32minfo[39m: PostgreSQL connected successfully
2025-11-17 21:25:19 [32minfo[39m: All databases initialized successfully
2025-11-17 21:25:19 [32minfo[39m: Server is running on port 5050
2025-11-17 21:25:23 [32minfo[39m: MongoDB connected successfully
2025-11-17 21:25:23 [32minfo[39m: PostgreSQL connected successfully
2025-11-17 21:25:23 [32minfo[39m: All databases initialized successfully
2025-11-17 21:25:23 [32minfo[39m: Server is running on port 5050
2025-11-17 21:26:14 [32minfo[39m: MongoDB connected successfully
2025-11-17 21:26:14 [32minfo[39m: PostgreSQL connected successfully
2025-11-17 21:26:14 [32minfo[39m: All databases initialized successfully
2025-11-17 21:26:14 [32minfo[39m: Server is running on port 5050
2025-11-17 21:26:54 [32minfo[39m: MongoDB connected successfully
2025-11-17 21:26:54 [32minfo[39m: PostgreSQL connected successfully
2025-11-17 21:26:54 [32minfo[39m: All databases initialized successfully
2025-11-17 21:26:54 [32minfo[39m: Server is running on port 5050
2025-11-17 21:26:58 [32minfo[39m: MongoDB connected successfully
2025-11-17 21:26:58 [32minfo[39m: PostgreSQL connected successfully
2025-11-17 21:26:58 [32minfo[39m: All databases initialized successfully
2025-11-17 21:26:58 [32minfo[39m: Server is running on port 5050
2025-11-17 21:27:07 [32minfo[39m: MongoDB connected successfully
2025-11-17 21:27:08 [32minfo[39m: PostgreSQL connected successfully
2025-11-17 21:27:08 [32minfo[39m: All databases initialized successfully
2025-11-17 21:27:08 [32minfo[39m: Server is running on port 5050
2025-11-17 21:28:23 [32minfo[39m: MongoDB connected successfully
2025-11-17 21:28:24 [32minfo[39m: PostgreSQL connected successfully
2025-11-17 21:28:24 [32minfo[39m: All databases initialized successfully
2025-11-17 21:28:24 [32minfo[39m: Server is running on port 5050
2025-11-17 21:28:28 [32minfo[39m: MongoDB connected successfully
2025-11-17 21:28:29 [32minfo[39m: PostgreSQL connected successfully
2025-11-17 21:28:29 [32minfo[39m: All databases initialized successfully
2025-11-17 21:28:29 [32minfo[39m: Server is running on port 5050
2025-11-17 21:28:39 [32minfo[39m: MongoDB connected successfully
2025-11-17 21:28:40 [32minfo[39m: PostgreSQL connected successfully
2025-11-17 21:28:40 [32minfo[39m: All databases initialized successfully
2025-11-17 21:28:40 [32minfo[39m: Server is running on port 5050
2025-11-17 21:29:45 [32minfo[39m: MongoDB connected successfully
2025-11-17 21:29:46 [32minfo[39m: PostgreSQL connected successfully
2025-11-17 21:29:46 [32minfo[39m: All databases initialized successfully
2025-11-17 21:29:46 [32minfo[39m: Server is running on port 5050
2025-11-17 21:30:29 [32minfo[39m: MongoDB connected successfully
2025-11-17 21:30:29 [32minfo[39m: PostgreSQL connected successfully
2025-11-17 21:30:29 [32minfo[39m: All databases initialized successfully
2025-11-17 21:30:29 [32minfo[39m: Server is running on port 5050
2025-11-17 21:30:38 [32minfo[39m: MongoDB connected successfully
2025-11-17 21:30:38 [32minfo[39m: PostgreSQL connected successfully
2025-11-17 21:30:38 [32minfo[39m: All databases initialized successfully
2025-11-17 21:30:38 [32minfo[39m: Server is running on port 5050
2025-11-17 21:51:48 [32minfo[39m: MongoDB connected successfully
2025-11-17 21:51:49 [32minfo[39m: PostgreSQL connected successfully
2025-11-17 21:51:49 [32minfo[39m: All databases initialized successfully
2025-11-17 21:51:49 [32minfo[39m: Server is running on port 5050
2025-11-18 00:21:41 [32minfo[39m: MongoDB connected successfully
2025-11-18 00:21:42 [32minfo[39m: PostgreSQL connected successfully
2025-11-18 00:21:42 [32minfo[39m: All databases initialized successfully
2025-11-18 00:21:42 [32minfo[39m: Server is running on port 5050
2025-11-18 00:22:47 [32minfo[39m: MongoDB connected successfully
2025-11-18 00:22:47 [32minfo[39m: PostgreSQL connected successfully
2025-11-18 00:22:47 [32minfo[39m: All databases initialized successfully
2025-11-18 00:22:47 [32minfo[39m: Server is running on port 5050
2025-11-18 00:24:25 [32minfo[39m: MongoDB connected successfully
2025-11-18 00:24:25 [32minfo[39m: PostgreSQL connected successfully
2025-11-18 00:24:25 [32minfo[39m: All databases initialized successfully
2025-11-18 00:24:25 [32minfo[39m: Server is running on port 5050
2025-11-18 00:26:40 [32minfo[39m: MongoDB connected successfully
2025-11-18 00:26:41 [32minfo[39m: PostgreSQL connected successfully
2025-11-18 00:26:41 [32minfo[39m: All databases initialized successfully
2025-11-18 00:26:41 [32minfo[39m: Server is running on port 5050
2025-11-18 10:09:18 [32minfo[39m: MongoDB connected successfully
2025-11-18 10:09:18 [32minfo[39m: PostgreSQL connected successfully
2025-11-18 10:09:18 [32minfo[39m: All databases initialized successfully
2025-11-18 10:09:18 [32minfo[39m: Server is running on port 5050
2025-11-18 10:34:25 [33mwarn[39m: MongoDB: disconnected
2025-11-18 10:56:34 [33mwarn[39m: MongoDB: disconnected
2025-11-18 11:30:15 [32minfo[39m: MongoDB connected successfully
2025-11-18 11:30:15 [32minfo[39m: PostgreSQL connected successfully
2025-11-18 11:30:15 [32minfo[39m: All databases initialized successfully
2025-11-18 11:30:15 [32minfo[39m: Server is running on port 5050
2025-11-18 11:45:26 [33mwarn[39m: MongoDB: disconnected
2025-11-18 12:31:37 [33mwarn[39m: MongoDB: disconnected
2025-11-18 13:12:23 [33mwarn[39m: MongoDB: disconnected
2025-11-18 13:17:13 [31merror[39m: MongoDB connection error: Could not connect to any servers in your MongoDB Atlas cluster. One common reason is that you're trying to access the database from an IP that isn't whitelisted. Make sure your current IP address is on your Atlas cluster's IP whitelist: https://www.mongodb.com/docs/atlas/security-whitelist/
2025-11-18 13:17:34 [32minfo[39m: MongoDB connected successfully
2025-11-18 13:17:35 [32minfo[39m: PostgreSQL connected successfully
2025-11-18 13:17:35 [32minfo[39m: All databases initialized successfully
2025-11-18 13:17:35 [32minfo[39m: Server is running on port 5050
2025-11-18 13:21:44 [33mwarn[39m: MongoDB: disconnected
2025-11-18 13:22:17 [32minfo[39m: MongoDB connected successfully
2025-11-18 13:22:18 [32minfo[39m: PostgreSQL connected successfully
2025-11-18 13:22:18 [32minfo[39m: All databases initialized successfully
2025-11-18 13:22:18 [32minfo[39m: Server is running on port 5050
2025-11-18 13:25:47 [32minfo[39m: MongoDB connected successfully
2025-11-18 13:25:49 [32minfo[39m: PostgreSQL connected successfully
2025-11-18 13:25:49 [32minfo[39m: All databases initialized successfully
2025-11-18 13:25:49 [32minfo[39m: Server is running on port 5050
2025-11-18 13:25:55 [32minfo[39m: PostgreSQL connected successfully
2025-11-18 13:25:56 [32minfo[39m: MongoDB connected successfully
2025-11-18 13:25:56 [32minfo[39m: All databases initialized successfully
2025-11-18 13:25:56 [32minfo[39m: Server is running on port 5050
2025-11-18 13:58:17 [32minfo[39m: MongoDB connected successfully
2025-11-18 13:58:18 [32minfo[39m: PostgreSQL connected successfully
2025-11-18 13:58:18 [32minfo[39m: All databases initialized successfully
2025-11-18 13:58:18 [32minfo[39m: Server is running on port 5050
2025-11-18 13:58:29 [32minfo[39m: MongoDB connected successfully
2025-11-18 13:58:30 [32minfo[39m: PostgreSQL connected successfully
2025-11-18 13:58:30 [32minfo[39m: All databases initialized successfully
2025-11-18 13:58:30 [32minfo[39m: Server is running on port 5050
2025-11-18 13:58:57 [32minfo[39m: MongoDB connected successfully
2025-11-18 13:58:58 [32minfo[39m: PostgreSQL connected successfully
2025-11-18 13:58:58 [32minfo[39m: All databases initialized successfully
2025-11-18 13:58:58 [32minfo[39m: Server is running on port 5050
2025-11-18 13:59:02 [32minfo[39m: MongoDB connected successfully
2025-11-18 13:59:02 [32minfo[39m: PostgreSQL connected successfully
2025-11-18 13:59:02 [32minfo[39m: All databases initialized successfully
2025-11-18 13:59:02 [32minfo[39m: Server is running on port 5050
2025-11-18 13:59:07 [32minfo[39m: MongoDB connected successfully
2025-11-18 13:59:09 [32minfo[39m: MongoDB connected successfully
2025-11-18 13:59:10 [32minfo[39m: PostgreSQL connected successfully
2025-11-18 13:59:10 [32minfo[39m: All databases initialized successfully
2025-11-18 13:59:10 [32minfo[39m: Server is running on port 5050
2025-12-12 17:17:53 [31merror[39m: Auth DB connection/sync failed:
2025-12-12 17:31:27 [32minfo[39m: Auth database connected
2025-12-12 17:31:27 [31merror[39m: Auth DB connection/sync failed:
2025-12-12 17:31:38 [32minfo[39m: Auth database connected
2025-12-12 17:31:38 [31merror[39m: Auth DB connection/sync failed:
2025-12-12 17:39:44 [31merror[39m: Auth DB connection/sync failed:
2025-12-12 17:42:18 [31merror[39m: Auth DB connection/sync failed:
2025-12-12 17:43:22 [31merror[39m: Failed to start server: er is not defined
2025-12-12 17:43:23 [31merror[39m: Auth DB connection/sync failed: ���� ������ "userServer" �� ����������
2025-12-12 17:45:37 [32minfo[39m: Auth database connected
2025-12-12 17:45:37 [31merror[39m: Auth DB connection/sync failed: тип "hstore" не существует
2025-12-12 17:47:12 [32minfo[39m: Auth database connected
2025-12-12 17:47:12 [31merror[39m: Auth DB connection/sync failed: тип "geometry" не существует
2025-12-12 17:56:47 [32minfo[39m: Auth database connected
2025-12-12 17:56:47 [31merror[39m: Auth DB connection/sync failed: тип "geometry" не существует
2026-01-27 09:49:08 [32minfo[39m: Geo database (PostGIS) connected
2026-01-27 09:49:08 [32minfo[39m: All databases (Geo + Auth) initialized successfully
2026-01-27 09:49:08 [32minfo[39m: Server is running on port 5060
2026-01-27 09:49:37 [32minfo[39m: Geo database (PostGIS) connected
2026-01-27 09:49:37 [32minfo[39m: All databases (Geo + Auth) initialized successfully
2026-01-27 09:49:37 [32minfo[39m: Server is running on port 5050
2026-01-27 09:50:49 [32minfo[39m: Geo database (PostGIS) connected
2026-01-27 09:50:49 [32minfo[39m: All databases (Geo + Auth) initialized successfully
2026-01-27 09:50:49 [32minfo[39m: Server is running on port 5050
2026-01-27 10:02:33 [32minfo[39m: Geo database (PostGIS) connected
2026-01-27 10:02:33 [32minfo[39m: All databases (Geo + Auth) initialized successfully
2026-01-27 10:02:33 [32minfo[39m: Server is running on port 5050
2026-01-27 10:06:56 [32minfo[39m: Geo database (PostGIS) connected
2026-01-27 10:06:56 [32minfo[39m: All databases (Geo + Auth) initialized successfully
2026-01-27 10:06:56 [32minfo[39m: Server is running on port 5050
2026-01-27 10:07:47 [32minfo[39m: Geo database (PostGIS) connected
2026-01-27 10:07:47 [32minfo[39m: All databases (Geo + Auth) initialized successfully
2026-01-27 10:07:47 [32minfo[39m: Server is running on port 5051
2026-01-27 10:08:32 [32minfo[39m: Geo database (PostGIS) connected
2026-01-27 10:08:32 [32minfo[39m: All databases (Geo + Auth) initialized successfully
2026-01-27 10:08:32 [32minfo[39m: Server is running on port 5051
2026-01-27 10:08:35 [32minfo[39m: Geo database (PostGIS) connected
2026-01-27 10:08:35 [32minfo[39m: All databases (Geo + Auth) initialized successfully
2026-01-27 10:08:35 [32minfo[39m: Server is running on port 5051
2026-01-27 10:08:39 [32minfo[39m: Результаты:
2026-01-27 10:10:13 [32minfo[39m: Результаты:
2026-01-27 22:04:16 [32minfo[39m: Результаты:
2026-01-27 23:28:22 [32minfo[39m: Результаты:
2026-01-27 23:29:25 [32minfo[39m: Результаты:
2026-01-27 23:42:34 [32minfo[39m: Ошибка запроса: terminating connection due to administrator command
2026-01-27 23:59:41 [32minfo[39m: Результаты:
2026-01-28 00:00:01 [32minfo[39m: Результаты:
2026-01-28 00:18:39 [32minfo[39m: Geo database (PostGIS) connected
2026-01-28 00:18:39 [32minfo[39m: All databases (Geo + Auth) initialized successfully
2026-01-28 00:18:39 [32minfo[39m: Server is running on port 5051
2026-01-28 00:21:07 [32minfo[39m: Результаты:
2026-01-28 00:25:18 [32minfo[39m: Результаты:
2026-01-28 00:42:03 [32minfo[39m: Результаты:
2026-01-28 00:53:09 [32minfo[39m: Geo database (PostGIS) connected
2026-01-28 00:53:09 [32minfo[39m: All databases (Geo + Auth) initialized successfully
2026-01-28 00:53:09 [32minfo[39m: Server is running on port 5051
2026-01-28 00:53:25 [31merror[39m: Geo DB connection failed:
2026-01-28 00:53:34 [32minfo[39m: Geo database (PostGIS) connected
2026-01-28 00:53:34 [32minfo[39m: All databases (Geo + Auth) initialized successfully
2026-01-28 00:53:34 [32minfo[39m: Server is running on port 5051
2026-01-28 00:59:37 [32minfo[39m: Geo database (PostGIS) connected
2026-01-28 00:59:37 [32minfo[39m: All databases (Geo + Auth) initialized successfully
2026-01-28 00:59:37 [32minfo[39m: Server is running on port 5051
2026-01-28 01:07:07 [32minfo[39m: Результаты:
2026-01-28 01:07:29 [32minfo[39m: Результаты:
2026-01-28 01:08:53 [32minfo[39m: Geo database (PostGIS) connected
2026-01-28 01:08:53 [32minfo[39m: All databases (Geo + Auth) initialized successfully
2026-01-28 01:08:53 [32minfo[39m: Server is running on port 5051
2026-01-28 01:08:58 [32minfo[39m: Geo database (PostGIS) connected
2026-01-28 01:08:58 [32minfo[39m: All databases (Geo + Auth) initialized successfully
2026-01-28 01:08:58 [32minfo[39m: Server is running on port 5051
2026-01-28 01:09:02 [32minfo[39m: Geo database (PostGIS) connected
2026-01-28 01:09:02 [32minfo[39m: All databases (Geo + Auth) initialized successfully
2026-01-28 01:09:02 [32minfo[39m: Server is running on port 5051
2026-01-28 01:09:37 [32minfo[39m: Результаты:
2026-01-28 01:10:17 [32minfo[39m: Geo database (PostGIS) connected
2026-01-28 01:10:17 [32minfo[39m: All databases (Geo + Auth) initialized successfully
2026-01-28 01:10:17 [32minfo[39m: Server is running on port 5051
2026-01-28 01:10:18 [32minfo[39m: Geo database (PostGIS) connected
2026-01-28 01:10:18 [32minfo[39m: All databases (Geo + Auth) initialized successfully
2026-01-28 01:10:18 [32minfo[39m: Server is running on port 5051
2026-01-28 01:11:00 [32minfo[39m: Результаты:
2026-01-28 01:12:46 [32minfo[39m: Geo database (PostGIS) connected
2026-01-28 01:12:46 [32minfo[39m: All databases (Geo + Auth) initialized successfully
2026-01-28 01:12:46 [32minfo[39m: Server is running on port 5051
2026-01-28 01:12:54 [32minfo[39m: Geo database (PostGIS) connected
2026-01-28 01:12:54 [32minfo[39m: All databases (Geo + Auth) initialized successfully
2026-01-28 01:12:54 [32minfo[39m: Server is running on port 5051
2026-01-28 01:12:57 [32minfo[39m: Geo database (PostGIS) connected
2026-01-28 01:12:57 [32minfo[39m: All databases (Geo + Auth) initialized successfully
2026-01-28 01:12:57 [32minfo[39m: Server is running on port 5051
2026-01-28 01:13:13 [32minfo[39m: Geo database (PostGIS) connected
2026-01-28 01:13:13 [32minfo[39m: All databases (Geo + Auth) initialized successfully
2026-01-28 01:13:13 [32minfo[39m: Server is running on port 5051
2026-01-28 01:13:16 [32minfo[39m: Geo database (PostGIS) connected
2026-01-28 01:13:16 [32minfo[39m: All databases (Geo + Auth) initialized successfully
2026-01-28 01:13:16 [32minfo[39m: Server is running on port 5051
2026-01-28 01:13:51 [32minfo[39m: Результаты:
2026-01-28 01:13:51 [32minfo[39m: [object SequelizeInstance:PlaceModel],[object SequelizeInstance:PlaceModel],[object SequelizeInstance:PlaceModel],[object SequelizeInstance:PlaceModel],[object SequelizeInstance:PlaceModel],[object SequelizeInstance:PlaceModel],[object SequelizeInstance:PlaceModel],[object SequelizeInstance:PlaceModel],[object SequelizeInstance:PlaceModel],[object SequelizeInstance:PlaceModel],[object SequelizeInstance:PlaceModel],[object SequelizeInstance:PlaceModel],[object SequelizeInstance:PlaceModel],[object SequelizeInstance:PlaceModel],[object SequelizeInstance:PlaceModel],[object SequelizeInstance:PlaceModel],[object SequelizeInstance:PlaceModel],[object SequelizeInstance:PlaceModel],[object SequelizeInstance:PlaceModel],[object SequelizeInstance:PlaceModel],[object SequelizeInstance:PlaceModel],[object SequelizeInstance:PlaceModel],[object SequelizeInstance:PlaceModel],[object SequelizeInstance:PlaceModel],[object SequelizeInstance:PlaceModel],[object SequelizeInstance:PlaceModel],[object SequelizeInstance:PlaceModel],[object SequelizeInstance:PlaceModel],[object SequelizeInstance:PlaceModel],[object SequelizeInstance:PlaceModel],[object SequelizeInstance:PlaceModel],[object SequelizeInstance:PlaceModel],[object SequelizeInstance:PlaceModel],[object SequelizeInstance:PlaceModel],[object SequelizeInstance:PlaceModel],[object SequelizeInstance:PlaceModel],[object SequelizeInstance:PlaceModel],[object SequelizeInstance:PlaceModel],[object SequelizeInstance:PlaceModel],[object SequelizeInstance:PlaceModel],[object SequelizeInstance:PlaceModel],[object SequelizeInstance:PlaceModel],[object SequelizeInstance:PlaceModel],[object SequelizeInstance:PlaceModel],[object SequelizeInstance:PlaceModel],[object SequelizeInstance:PlaceModel],[object SequelizeInstance:PlaceModel],[object SequelizeInstance:PlaceModel],[object SequelizeInstance:PlaceModel],[object SequelizeInstance:PlaceModel],[object SequelizeInstance:PlaceModel],[object SequelizeInstance:PlaceModel],[object SequelizeInstance:PlaceModel],[object SequelizeInstance:PlaceModel],[object SequelizeInstance:PlaceModel],[object SequelizeInstance:PlaceModel],[object SequelizeInstance:PlaceModel],[object SequelizeInstance:PlaceModel],[object SequelizeInstance:PlaceModel],[object SequelizeInstance:PlaceModel],[object SequelizeInstance:PlaceModel],[object SequelizeInstance:PlaceModel],[object SequelizeInstance:PlaceModel],[object SequelizeInstance:PlaceModel],[object SequelizeInstance:PlaceModel],[object SequelizeInstance:PlaceModel],[object SequelizeInstance:PlaceModel],[object SequelizeInstance:PlaceModel],[object SequelizeInstance:PlaceModel],[object SequelizeInstance:PlaceModel],[object SequelizeInstance:PlaceModel],[object SequelizeInstance:PlaceModel],[object SequelizeInstance:PlaceModel],[object SequelizeInstance:PlaceModel],[object SequelizeInstance:PlaceModel],[object SequelizeInstance:PlaceModel],[object SequelizeInstance:PlaceModel],[object SequelizeInstance:PlaceModel],[object SequelizeInstance:PlaceModel],[object SequelizeInstance:PlaceModel],[object SequelizeInstance:PlaceModel],[object SequelizeInstance:PlaceModel],[object SequelizeInstance:PlaceModel],[object SequelizeInstance:PlaceModel],[object SequelizeInstance:PlaceModel],[object SequelizeInstance:PlaceModel],[object SequelizeInstance:PlaceModel],[object SequelizeInstance:PlaceModel],[object SequelizeInstance:PlaceModel],[object SequelizeInstance:PlaceModel],[object SequelizeInstance:PlaceModel],[object SequelizeInstance:PlaceModel],[object SequelizeInstance:PlaceModel],[object SequelizeInstance:PlaceModel],[object SequelizeInstance:PlaceModel],[object SequelizeInstance:PlaceModel],[object SequelizeInstance:PlaceModel],[object SequelizeInstance:PlaceModel],[object SequelizeInstance:PlaceModel],[object SequelizeInstance:PlaceModel],[object SequelizeInstance:PlaceModel],[object SequelizeInstance:PlaceModel],[object SequelizeInstance:PlaceModel],[object SequelizeInstance:PlaceModel],[object SequelizeInstance:PlaceModel],[object SequelizeInstance:PlaceModel],[object SequelizeInstance:PlaceModel],[object SequelizeInstance:PlaceModel],[object SequelizeInstance:PlaceModel],[object SequelizeInstance:PlaceModel],[object SequelizeInstance:PlaceModel],[object SequelizeInstance:PlaceModel],[object SequelizeInstance:PlaceModel],[object SequelizeInstance:PlaceModel],[object SequelizeInstance:PlaceModel],[object SequelizeInstance:PlaceModel],[object SequelizeInstance:PlaceModel],[object SequelizeInstance:PlaceModel],[object SequelizeInstance:PlaceModel],[object SequelizeInstance:PlaceModel],[object SequelizeInstance:PlaceModel],[object SequelizeInstance:PlaceModel],[object SequelizeInstance:PlaceModel],[object SequelizeInstance:PlaceModel],[object SequelizeInstance:PlaceModel],[object SequelizeInstance:PlaceModel],[object SequelizeInstance:PlaceModel],[object SequelizeInstance:PlaceModel],[object SequelizeInstance:PlaceModel],[object SequelizeInstance:PlaceModel],[object SequelizeInstance:PlaceModel],[object SequelizeInstance:PlaceModel],[object SequelizeInstance:PlaceModel],[object SequelizeInstance:PlaceModel],[object SequelizeInstance:PlaceModel],[object SequelizeInstance:PlaceModel],[object SequelizeInstance:PlaceModel],[object SequelizeInstance:PlaceModel],[object SequelizeInstance:PlaceModel],[object SequelizeInstance:PlaceModel],[object SequelizeInstance:PlaceModel],[object SequelizeInstance:PlaceModel],[object SequelizeInstance:PlaceModel],[object SequelizeInstance:PlaceModel],[object SequelizeInstance:PlaceModel],[object SequelizeInstance:PlaceModel],[object SequelizeInstance:PlaceModel],[object SequelizeInstance:PlaceModel],[object SequelizeInstance:PlaceModel],[object SequelizeInstance:PlaceModel],[object SequelizeInstance:PlaceModel],[object SequelizeInstance:PlaceModel],[object SequelizeInstance:PlaceModel],[object SequelizeInstance:PlaceModel],[object SequelizeInstance:PlaceModel],[object SequelizeInstance:PlaceModel],[object SequelizeInstance:PlaceModel],[object SequelizeInstance:PlaceModel],[object SequelizeInstance:PlaceModel],[object SequelizeInstance:PlaceModel],[object SequelizeInstance:PlaceModel],[object SequelizeInstance:PlaceModel],[object SequelizeInstance:PlaceModel],[object SequelizeInstance:PlaceModel],[object SequelizeInstance:PlaceModel],[object SequelizeInstance:PlaceModel],[object SequelizeInstance:PlaceModel],[object SequelizeInstance:PlaceModel],[object SequelizeInstance:PlaceModel],[object SequelizeInstance:PlaceModel],[object SequelizeInstance:PlaceModel],[object SequelizeInstance:PlaceModel],[object SequelizeInstance:PlaceModel],[object SequelizeInstance:PlaceModel],[object SequelizeInstance:PlaceModel],[object SequelizeInstance:PlaceModel],[object SequelizeInstance:PlaceModel],[object SequelizeInstance:PlaceModel],[object SequelizeInstance:PlaceModel],[object SequelizeInstance:PlaceModel],[object SequelizeInstance:PlaceModel],[object SequelizeInstance:PlaceModel],[object SequelizeInstance:PlaceModel],[object SequelizeInstance:PlaceModel],[object SequelizeInstance:PlaceModel],[object SequelizeInstance:PlaceModel],[object SequelizeInstance:PlaceModel],[object SequelizeInstance:PlaceModel],[object SequelizeInstance:PlaceModel],[object SequelizeInstance:PlaceModel],[object SequelizeInstance:PlaceModel],[object SequelizeInstance:PlaceModel],[object SequelizeInstance:PlaceModel],[object SequelizeInstance:PlaceModel],[object SequelizeInstance:PlaceModel],[object SequelizeInstance:PlaceModel],[object SequelizeInstance:PlaceModel],[object SequelizeInstance:PlaceModel],[object SequelizeInstance:PlaceModel],[object SequelizeInstance:PlaceModel],[object SequelizeInstance:PlaceModel],[object SequelizeInstance:PlaceModel],[object SequelizeInstance:PlaceModel],[object SequelizeInstance:PlaceModel]
2026-01-28 01:14:03 [32minfo[39m: Geo database (PostGIS) connected
2026-01-28 01:14:03 [32minfo[39m: All databases (Geo + Auth) initialized successfully
2026-01-28 01:14:03 [32minfo[39m: Server is running on port 5051
2026-01-28 01:14:05 [32minfo[39m: Geo database (PostGIS) connected
2026-01-28 01:14:05 [32minfo[39m: All databases (Geo + Auth) initialized successfully
2026-01-28 01:14:05 [32minfo[39m: Server is running on port 5051
2026-01-28 01:14:44 [32minfo[39m: Результаты:
2026-01-28 01:14:49 [32minfo[39m: Результаты:
2026-01-28 01:15:30 [32minfo[39m: Geo database (PostGIS) connected
2026-01-28 01:15:30 [32minfo[39m: All databases (Geo + Auth) initialized successfully
2026-01-28 01:15:30 [32minfo[39m: Server is running on port 5051
2026-01-28 01:20:23 [32minfo[39m: Geo database (PostGIS) connected
2026-01-28 01:20:23 [32minfo[39m: All databases (Geo + Auth) initialized successfully
2026-01-28 01:20:23 [32minfo[39m: Server is running on port 5051
2026-01-28 01:20:47 [32minfo[39m: Результаты:
2026-01-28 01:24:22 [32minfo[39m: Geo database (PostGIS) connected
2026-01-28 01:24:22 [32minfo[39m: All databases (Geo + Auth) initialized successfully
2026-01-28 01:24:22 [32minfo[39m: Server is running on port 5051
2026-01-28 01:24:26 [32minfo[39m: Geo database (PostGIS) connected
2026-01-28 01:24:26 [32minfo[39m: All databases (Geo + Auth) initialized successfully
2026-01-28 01:24:26 [32minfo[39m: Server is running on port 5051
2026-01-28 01:24:32 [32minfo[39m: Geo database (PostGIS) connected
2026-01-28 01:24:32 [32minfo[39m: All databases (Geo + Auth) initialized successfully
2026-01-28 01:24:32 [32minfo[39m: Server is running on port 5051
2026-01-28 01:25:03 [32minfo[39m: Geo database (PostGIS) connected
2026-01-28 01:25:03 [32minfo[39m: All databases (Geo + Auth) initialized successfully
2026-01-28 01:25:03 [32minfo[39m: Server is running on port 5051
2026-01-28 01:25:04 [32minfo[39m: Geo database (PostGIS) connected
2026-01-28 01:25:04 [32minfo[39m: All databases (Geo + Auth) initialized successfully
2026-01-28 01:25:04 [32minfo[39m: Server is running on port 5051
2026-01-28 01:25:10 [32minfo[39m: Geo database (PostGIS) connected
2026-01-28 01:25:10 [32minfo[39m: All databases (Geo + Auth) initialized successfully
2026-01-28 01:25:10 [32minfo[39m: Server is running on port 5051
2026-01-28 01:25:59 [32minfo[39m: Результаты:
2026-01-28 01:29:10 [32minfo[39m: Результаты:
2026-01-28 01:29:20 [32minfo[39m: Результаты:
2026-01-28 01:30:41 [32minfo[39m: Geo database (PostGIS) connected
2026-01-28 01:30:41 [32minfo[39m: All databases (Geo + Auth) initialized successfully
2026-01-28 01:30:41 [32minfo[39m: Server is running on port 5051
2026-01-28 01:30:43 [32minfo[39m: Geo database (PostGIS) connected
2026-01-28 01:30:43 [32minfo[39m: All databases (Geo + Auth) initialized successfully
2026-01-28 01:30:43 [32minfo[39m: Server is running on port 5051
2026-01-28 01:30:45 [32minfo[39m: Geo database (PostGIS) connected
2026-01-28 01:30:45 [32minfo[39m: All databases (Geo + Auth) initialized successfully
2026-01-28 01:30:45 [32minfo[39m: Server is running on port 5051
2026-01-28 01:30:55 [32minfo[39m: Geo database (PostGIS) connected
2026-01-28 01:30:55 [32minfo[39m: All databases (Geo + Auth) initialized successfully
2026-01-28 01:30:55 [32minfo[39m: Server is running on port 5051
2026-01-28 01:31:08 [32minfo[39m: Geo database (PostGIS) connected
2026-01-28 01:31:08 [32minfo[39m: All databases (Geo + Auth) initialized successfully
2026-01-28 01:31:08 [32minfo[39m: Server is running on port 5051
2026-01-28 01:31:11 [32minfo[39m: Geo database (PostGIS) connected
2026-01-28 01:31:11 [32minfo[39m: All databases (Geo + Auth) initialized successfully
2026-01-28 01:31:11 [32minfo[39m: Server is running on port 5051
2026-01-28 01:31:34 [32minfo[39m: Результаты:
2026-01-28 01:32:23 [32minfo[39m: Geo database (PostGIS) connected
2026-01-28 01:32:23 [32minfo[39m: All databases (Geo + Auth) initialized successfully
2026-01-28 01:32:23 [32minfo[39m: Server is running on port 5051
2026-01-28 01:49:57 [32minfo[39m: Geo database (PostGIS) connected
2026-01-28 01:49:57 [32minfo[39m: All databases (Geo + Auth) initialized successfully
2026-01-28 01:49:57 [32minfo[39m: Server is running on port 5051
2026-01-28 18:21:13 [31merror[39m: User DB connection/sync failed: password authentication failed for user "pavellitvinov"
2026-01-28 18:25:31 [31merror[39m: User DB connection/sync failed: password authentication failed for user "pavellitvinov"
2026-01-28 18:25:46 [31merror[39m: User DB connection/sync failed: password authentication failed for user "postgres"
2026-01-28 18:26:07 [32minfo[39m: User database connected
2026-01-28 18:26:07 [32minfo[39m: User tables checked (no changes in prod)
2026-01-28 18:26:07 [32minfo[39m: Geo database (PostGIS) connected
2026-01-28 18:26:07 [32minfo[39m: All databases (Geo + Auth) initialized successfully
2026-01-28 18:26:07 [32minfo[39m: Server is running on port 5051
2026-01-28 18:44:21 [32minfo[39m: Результаты:
2026-01-28 18:45:46 [32minfo[39m: User database connected
2026-01-28 18:45:46 [32minfo[39m: User tables checked (no changes in prod)
2026-01-28 18:45:46 [32minfo[39m: Geo database (PostGIS) connected
2026-01-28 18:45:46 [32minfo[39m: All databases (Geo + Auth) initialized successfully
2026-01-28 18:45:46 [32minfo[39m: Server is running on port 5051
2026-01-28 18:46:36 [32minfo[39m: Результаты:
2026-01-28 20:01:05 [32minfo[39m: User database connected
2026-01-28 20:01:05 [32minfo[39m: Geo database (PostGIS) connected
2026-01-28 20:01:05 [32minfo[39m: User tables checked (no changes in prod)
2026-01-28 20:01:05 [32minfo[39m: All databases (Geo + Auth) initialized successfully
2026-01-28 20:01:05 [32minfo[39m: Server is running on port 5051
2026-01-28 20:01:21 [32minfo[39m: User database connected
2026-01-28 20:01:21 [32minfo[39m: User tables checked (no changes in prod)
2026-01-28 20:01:21 [32minfo[39m: Geo database (PostGIS) connected
2026-01-28 20:01:21 [32minfo[39m: All databases (Geo + Auth) initialized successfully
2026-01-28 20:01:21 [32minfo[39m: Server is running on port 5051
2026-01-28 20:01:25 [32minfo[39m: User database connected
2026-01-28 20:01:25 [32minfo[39m: User tables checked (no changes in prod)
2026-01-28 20:01:25 [32minfo[39m: Geo database (PostGIS) connected
2026-01-28 20:01:25 [32minfo[39m: All databases (Geo + Auth) initialized successfully
2026-01-28 20:01:25 [32minfo[39m: Server is running on port 5051
2026-01-28 20:27:31 [32minfo[39m: User database connected
2026-01-28 20:27:31 [32minfo[39m: User tables checked (no changes in prod)
2026-01-28 20:27:31 [32minfo[39m: Geo database (PostGIS) connected
2026-01-28 20:27:31 [32minfo[39m: All databases (Geo + Auth) initialized successfully
2026-01-28 20:27:31 [32minfo[39m: Server is running on port 5051
2026-01-28 20:27:40 [31merror[39m: User DB connection/sync failed: password authentication failed for user "postgres"
2026-01-28 20:59:25 [32minfo[39m: User database connected
2026-01-28 20:59:25 [32minfo[39m: User tables checked (no changes in prod)
2026-01-28 20:59:25 [32minfo[39m: Geo database (PostGIS) connected
2026-01-28 20:59:25 [32minfo[39m: All databases (Geo + Auth) initialized successfully
2026-01-28 20:59:25 [32minfo[39m: Server is running on port 5051
2026-01-28 21:13:53 [32minfo[39m: Результаты:
2026-01-28 21:13:56 [32minfo[39m: Результаты:
2026-01-28 21:23:41 [32minfo[39m: Ошибка запроса: password authentication failed for user "postgres"
2026-01-28 21:27:32 [32minfo[39m: Geo database (PostGIS) connected
2026-01-28 21:27:32 [32minfo[39m: User database connected
2026-01-28 21:27:32 [32minfo[39m: User tables checked (no changes in prod)
2026-01-28 21:27:32 [32minfo[39m: All databases (Geo + Auth) initialized successfully
2026-01-28 21:27:32 [32minfo[39m: Server is running on port 5051
2026-01-28 21:27:52 [32minfo[39m: User database connected
2026-01-28 21:27:52 [32minfo[39m: User tables checked (no changes in prod)
2026-01-28 21:27:53 [32minfo[39m: Geo database (PostGIS) connected
2026-01-28 21:27:53 [32minfo[39m: All databases (Geo + Auth) initialized successfully
2026-01-28 21:27:53 [32minfo[39m: Server is running on port 5051
2026-01-28 21:27:54 [32minfo[39m: User database connected
2026-01-28 21:27:54 [32minfo[39m: User tables checked (no changes in prod)
2026-01-28 21:27:55 [32minfo[39m: Geo database (PostGIS) connected
2026-01-28 21:27:55 [32minfo[39m: All databases (Geo + Auth) initialized successfully
2026-01-28 21:27:55 [32minfo[39m: Server is running on port 5051
2026-01-28 21:28:06 [32minfo[39m: User database connected
2026-01-28 21:28:06 [32minfo[39m: User tables checked (no changes in prod)
2026-01-28 21:28:06 [32minfo[39m: Geo database (PostGIS) connected
2026-01-28 21:28:06 [32minfo[39m: All databases (Geo + Auth) initialized successfully
2026-01-28 21:28:06 [32minfo[39m: Server is running on port 5051
2026-01-28 21:28:13 [32minfo[39m: User database connected
2026-01-28 21:28:13 [32minfo[39m: User tables checked (no changes in prod)
2026-01-28 21:28:13 [32minfo[39m: 
2026-01-28 21:28:13 [32minfo[39m: All databases (Geo + Auth) initialized successfully
2026-01-28 21:28:13 [32minfo[39m: Server is running on port 5051
2026-01-28 21:28:19 [32minfo[39m: User database connected
2026-01-28 21:28:19 [32minfo[39m: User tables checked (no changes in prod)
2026-01-28 21:28:20 [32minfo[39m: 
2026-01-28 21:28:20 [32minfo[39m: All databases (Geo + Auth) initialized successfully
2026-01-28 21:28:20 [32minfo[39m: Server is running on port 5051
2026-01-28 21:28:23 [32minfo[39m: User database connected
2026-01-28 21:28:23 [32minfo[39m: User tables checked (no changes in prod)
2026-01-28 21:28:23 [32minfo[39m: База
2026-01-28 21:28:23 [32minfo[39m: All databases (Geo + Auth) initialized successfully
2026-01-28 21:28:23 [32minfo[39m: Server is running on port 5051
2026-01-28 21:28:23 [32minfo[39m: User database connected
2026-01-28 21:28:24 [32minfo[39m: User tables checked (no changes in prod)
2026-01-28 21:28:24 [32minfo[39m: База геоданных подключена
2026-01-28 21:28:24 [32minfo[39m: All databases (Geo + Auth) initialized successfully
2026-01-28 21:28:24 [32minfo[39m: Server is running on port 5051
2026-01-28 21:28:28 [32minfo[39m: User database connected
2026-01-28 21:28:28 [32minfo[39m: User tables checked (no changes in prod)
2026-01-28 21:28:28 [32minfo[39m: База геоданных подключена
2026-01-28 21:28:28 [32minfo[39m: All databases (Geo + Auth) initialized successfully
2026-01-28 21:28:28 [32minfo[39m: Server is running on port 5051
2026-01-28 21:28:31 [32minfo[39m: User database connected
2026-01-28 21:28:31 [32minfo[39m: User tables checked (no changes in prod)
2026-01-28 21:28:31 [32minfo[39m: База геоданных подключена
2026-01-28 21:28:31 [32minfo[39m: All databases (Geo + Auth) initialized successfully
2026-01-28 21:28:31 [32minfo[39m: Server is running on port 5051
2026-01-28 21:28:33 [32minfo[39m: User database connected
2026-01-28 21:28:33 [32minfo[39m: User tables checked (no changes in prod)
2026-01-28 21:28:33 [32minfo[39m: База геоданных подключена
2026-01-28 21:28:33 [32minfo[39m: All databases (Geo + Auth) initialized successfully
2026-01-28 21:28:33 [32minfo[39m: Server is running on port 5051
2026-01-28 21:28:36 [32minfo[39m: User database connected
2026-01-28 21:28:36 [32minfo[39m: User tables checked (no changes in prod)
2026-01-28 21:28:36 [32minfo[39m: База геоданных подключена
2026-01-28 21:28:36 [32minfo[39m: All databases (Geo + Auth) initialized successfully
2026-01-28 21:28:36 [32minfo[39m: Server is running on port 5051
2026-01-28 21:28:43 [32minfo[39m: User database connected
2026-01-28 21:28:43 [32minfo[39m: User tables checked (no changes in prod)
2026-01-28 21:28:43 [32minfo[39m: База геоданных подключена
2026-01-28 21:28:43 [32minfo[39m: All databases (Geo + Auth) initialized successfully
2026-01-28 21:28:43 [32minfo[39m: Server is running on port 5051
2026-01-28 21:28:46 [32minfo[39m: База пользователей подключена
2026-01-28 21:28:46 [32minfo[39m: User tables checked (no changes in prod)
2026-01-28 21:28:46 [32minfo[39m: База геоданных подключена
2026-01-28 21:28:46 [32minfo[39m: All databases (Geo + Auth) initialized successfully
2026-01-28 21:28:46 [32minfo[39m: Server is running on port 5051
2026-01-28 21:28:56 [32minfo[39m: База пользователей подключена
2026-01-28 21:28:56 [32minfo[39m: User tables checked (no changes in prod)
2026-01-28 21:28:57 [32minfo[39m: База геоданных подключена
2026-01-28 21:28:57 [32minfo[39m: All databases (Geo + Auth) initialized successfully
2026-01-28 21:28:57 [32minfo[39m: Server is running on port 5051
2026-01-28 21:28:59 [32minfo[39m: База пользователей подключена
2026-01-28 21:28:59 [32minfo[39m: User tables checked (no changes in prod)
2026-01-28 21:28:59 [32minfo[39m: База геоданных подключена
2026-01-28 21:28:59 [32minfo[39m: All databases (Geo + Auth) initialized successfully
2026-01-28 21:28:59 [32minfo[39m: Server is running on port 5051
2026-01-28 21:29:01 [32minfo[39m: База пользователей подключена
2026-01-28 21:29:01 [32minfo[39m: User tables checked (no changes in prod)
2026-01-28 21:29:01 [32minfo[39m: База геоданных подключена
2026-01-28 21:29:01 [32minfo[39m: All databases (Geo + Auth) initialized successfully
2026-01-28 21:29:01 [32minfo[39m: Server is running on port 5051
2026-01-28 21:29:12 [32minfo[39m: База пользователей подключена
2026-01-28 21:29:13 [32minfo[39m: User tables checked (no changes in prod)
2026-01-28 21:29:13 [32minfo[39m: База геоданных подключена
2026-01-28 21:29:13 [32minfo[39m: 
2026-01-28 21:29:13 [32minfo[39m: Server is running on port 5051
2026-01-28 21:29:13 [32minfo[39m: База пользователей подключена
2026-01-28 21:29:13 [32minfo[39m: User tables checked (no changes in prod)
2026-01-28 21:29:14 [32minfo[39m: База геоданных подключена
2026-01-28 21:29:14 [32minfo[39m: Все базы данных инициализированы
2026-01-28 21:29:14 [32minfo[39m: Server is running on port 5051
2026-01-28 21:29:21 [32minfo[39m: База пользователей подключена
2026-01-28 21:29:21 [32minfo[39m: User tables checked (no changes in prod)
2026-01-28 21:29:21 [32minfo[39m: База геоданных подключена
2026-01-28 21:29:21 [32minfo[39m: Подключение ко всем базам данных успешно выполнено
2026-01-28 21:29:21 [32minfo[39m: Server is running on port 5051
2026-01-28 21:29:31 [32minfo[39m: База пользователей подключена
2026-01-28 21:29:31 [32minfo[39m: User tables checked (no changes in prod)
2026-01-28 21:29:32 [32minfo[39m: База геоданных подключена
2026-01-28 21:29:32 [32minfo[39m: Подключение ко всем базам данных успешно выполнено
2026-01-28 21:29:32 [32minfo[39m: Server is running on port 5051
2026-01-28 21:29:37 [32minfo[39m: База пользователей подключена
2026-01-28 21:29:37 [32minfo[39m: User tables checked (no changes in prod)
2026-01-28 21:29:37 [32minfo[39m: База геоданных подключена
2026-01-28 21:29:37 [32minfo[39m: Подключение ко всем базам данных успешно выполнено
2026-01-28 21:29:37 [32minfo[39m: Server is running on port 5051
2026-01-28 21:29:38 [32minfo[39m: База пользователей подключена
2026-01-28 21:29:38 [32minfo[39m: User tables checked (no changes in prod)
2026-01-28 21:29:38 [32minfo[39m: База геоданных подключена
2026-01-28 21:29:38 [32minfo[39m: Подключение ко всем базам данных успешно выполнено
2026-01-28 21:29:38 [32minfo[39m: Server is running on port 5051
2026-01-28 21:29:44 [32minfo[39m: База пользователей подключена
2026-01-28 21:29:44 [32minfo[39m: User tables checked (no changes in prod)
2026-01-28 21:29:44 [32minfo[39m: База геоданных подключена
2026-01-28 21:29:44 [32minfo[39m: Подключение ко всем базам данных успешно выполнено
2026-01-28 21:29:44 [32minfo[39m: Server is running on port 5051
2026-01-28 21:29:49 [32minfo[39m: База пользователей подключена
2026-01-28 21:29:49 [32minfo[39m: User tables checked (no changes in prod)
2026-01-28 21:29:49 [32minfo[39m: База геоданных подключена
2026-01-28 21:29:49 [32minfo[39m: Подключение ко всем базам данных успешно выполнено
2026-01-28 21:29:49 [32minfo[39m: Server is running on port 5051
2026-01-28 21:29:52 [32minfo[39m: База пользователей подключена
2026-01-28 21:29:52 [32minfo[39m: Таблицы пользователей проверены (без изменений в проде)
2026-01-28 21:29:52 [32minfo[39m: База геоданных подключена
2026-01-28 21:29:52 [32minfo[39m: Подключение ко всем базам данных успешно выполнено
2026-01-28 21:29:52 [32minfo[39m: Server is running on port 5051
2026-01-28 21:30:29 [32minfo[39m: База пользователей подключена
2026-01-28 21:30:29 [32minfo[39m: Таблицы пользователей синх (без изменений в проде)
2026-01-28 21:30:29 [32minfo[39m: База геоданных подключена
2026-01-28 21:30:29 [32minfo[39m: Подключение ко всем базам данных успешно выполнено
2026-01-28 21:30:29 [32minfo[39m: Server is running on port 5051
2026-01-28 21:30:32 [32minfo[39m: База пользователей подключена
2026-01-28 21:30:32 [32minfo[39m: Таблицы пользователей синхронизированы (без изменений в проде)
2026-01-28 21:30:32 [32minfo[39m: База геоданных подключена
2026-01-28 21:30:32 [32minfo[39m: Подключение ко всем базам данных успешно выполнено
2026-01-28 21:30:32 [32minfo[39m: Server is running on port 5051
2026-01-28 21:30:39 [32minfo[39m: База пользователей подключена
2026-01-28 21:30:39 [32minfo[39m: Таблицы пользователей синхронизированы { alter: true } (dev)
2026-01-28 21:30:39 [32minfo[39m: База геоданных подключена
2026-01-28 21:30:39 [32minfo[39m: Подключение ко всем базам данных успешно выполнено
2026-01-28 21:30:39 [32minfo[39m: Server is running on port 5051
2026-01-28 21:30:46 [32minfo[39m: База пользователей подключена
2026-01-28 21:30:46 [32minfo[39m: Таблицы пользователей синхронизированы { alter: false } (dev)
2026-01-28 21:30:46 [32minfo[39m: База геоданных подключена
2026-01-28 21:30:46 [32minfo[39m: Подключение ко всем базам данных успешно выполнено
2026-01-28 21:30:46 [32minfo[39m: Server is running on port 5051
2026-01-28 21:31:03 [32minfo[39m: База пользователей подключена
2026-01-28 21:31:03 [32minfo[39m: Таблицы пользователей синхронизированы { alter: false } (dev)
2026-01-28 21:31:03 [32minfo[39m: База геоданных подключена
2026-01-28 21:31:03 [32minfo[39m: Подключение ко всем базам данных успешно выполнено
2026-01-28 21:31:03 [32minfo[39m:  5051
2026-01-28 21:31:05 [32minfo[39m: База пользователей подключена
2026-01-28 21:31:05 [32minfo[39m: Таблицы пользователей синхронизированы { alter: false } (dev)
2026-01-28 21:31:06 [32minfo[39m: База геоданных подключена
2026-01-28 21:31:06 [32minfo[39m: Подключение ко всем базам данных успешно выполнено
2026-01-28 21:31:06 [32minfo[39m: Сервер 5051
2026-01-28 21:31:07 [32minfo[39m: База пользователей подключена
2026-01-28 21:31:07 [32minfo[39m: Таблицы пользователей синхронизированы { alter: false } (dev)
2026-01-28 21:31:07 [32minfo[39m: База геоданных подключена
2026-01-28 21:31:07 [32minfo[39m: Подключение ко всем базам данных успешно выполнено
2026-01-28 21:31:07 [32minfo[39m: Сервер запущен на порту 5051
2026-01-28 21:31:12 [32minfo[39m: База пользователей подключена
2026-01-28 21:31:12 [32minfo[39m: Таблицы пользователей синхронизированы { alter: false } (dev)
2026-01-28 21:31:12 [32minfo[39m: База геоданных подключена
2026-01-28 21:31:12 [32minfo[39m: Подключение ко всем базам данных успешно выполнено
2026-01-28 21:31:12 [32minfo[39m: Сервер запущен на порту 5051
2026-01-28 21:31:16 [32minfo[39m: База пользователей подключена
2026-01-28 21:31:16 [32minfo[39m: Таблицы пользователей синхронизированы { alter: false } (dev)
2026-01-28 21:31:16 [32minfo[39m: База геоданных подключена
2026-01-28 21:31:16 [32minfo[39m: Подключение ко всем базам данных успешно выполнено
2026-01-28 21:31:16 [32minfo[39m: Сервер запущен на порту 5051
2026-01-28 21:31:42 [32minfo[39m: База пользователей подключена
2026-01-28 21:31:42 [32minfo[39m: Таблицы пользователей синхронизированы { alter: false } (dev)
2026-01-28 21:31:42 [32minfo[39m: База геоданных подключена
2026-01-28 21:31:42 [32minfo[39m: Подключение ко всем базам данных успешно выполнено
2026-01-28 21:31:42 [32minfo[39m: Сервер запущен на порту 5051
2026-01-28 21:31:45 [32minfo[39m: База пользователей подключена
2026-01-28 21:31:45 [32minfo[39m: Таблицы пользователей синхронизированы { alter: false } (dev)
2026-01-28 21:31:45 [32minfo[39m: База геоданных подключена
2026-01-28 21:31:45 [32minfo[39m: Подключение ко всем базам данных успешно выполнено
2026-01-28 21:31:45 [32minfo[39m: Сервер запущен на порту 5051
2026-01-28 21:31:49 [32minfo[39m: База пользователей подключена
2026-01-28 21:31:49 [32minfo[39m: Таблицы пользователей синхронизированы { alter: false } (dev)
2026-01-28 21:31:49 [32minfo[39m: База геоданных подключена
2026-01-28 21:31:49 [32minfo[39m: Подключение ко всем базам данных успешно выполнено
2026-01-28 21:31:49 [32minfo[39m: Сервер запущен на порту 5051
2026-01-28 21:31:54 [32minfo[39m: База пользователей подключена
2026-01-28 21:31:54 [32minfo[39m: Таблицы пользователей синхронизированы { alter: false } (dev)
2026-01-28 21:31:54 [32minfo[39m: База геоданных подключена
2026-01-28 21:31:54 [32minfo[39m: Подключение ко всем базам данных успешно выполнено
2026-01-28 21:31:54 [32minfo[39m: Сервер запущен на порту 5051
2026-01-28 21:31:58 [32minfo[39m: База пользователей подключена
2026-01-28 21:31:58 [32minfo[39m: Таблицы пользователей синхронизированы { alter: false } (dev)
2026-01-28 21:31:58 [32minfo[39m: База геоданных подключена
2026-01-28 21:31:58 [32minfo[39m: Подключение ко всем базам данных успешно выполнено
2026-01-28 21:31:58 [32minfo[39m: Сервер запущен на порту 5051
2026-01-28 21:32:01 [32minfo[39m: База пользователей подключена
2026-01-28 21:32:01 [32minfo[39m: Таблицы пользователей синхронизированы { alter: false } (dev)
2026-01-28 21:32:01 [32minfo[39m: База геоданных подключена
2026-01-28 21:32:01 [32minfo[39m: Подключение ко всем базам данных успешно выполнено
2026-01-28 21:32:01 [32minfo[39m: Сервер запущен на порту 5051
2026-01-28 21:32:09 [32minfo[39m: База пользователей подключена
2026-01-28 21:32:09 [32minfo[39m: Таблицы пользователей синхронизированы { alter: false } (dev)
2026-01-28 21:32:09 [32minfo[39m: База геоданных подключена
2026-01-28 21:32:09 [32minfo[39m: Подключение ко всем базам данных успешно выполнено
2026-01-28 21:32:09 [32minfo[39m: Сервер запущен на порту 5051
2026-01-28 21:32:11 [32minfo[39m: База пользователей подключена
2026-01-28 21:32:11 [32minfo[39m: Таблицы пользователей синхронизированы { alter: false } (dev)
2026-01-28 21:32:11 [32minfo[39m: База геоданных подключена
2026-01-28 21:32:11 [32minfo[39m: Подключение ко всем базам данных успешно выполнено
2026-01-28 21:32:11 [32minfo[39m: Сервер запущен на порту 5051
2026-01-28 21:32:12 [32minfo[39m: База пользователей подключена
2026-01-28 21:32:12 [32minfo[39m: Таблицы пользователей синхронизированы { alter: false } (dev)
2026-01-28 21:32:12 [32minfo[39m: База геоданных подключена
2026-01-28 21:32:12 [32minfo[39m: Подключение ко всем базам данных успешно выполнено
2026-01-28 21:32:12 [32minfo[39m: Сервер запущен на порту 5051
2026-01-28 21:32:15 [32minfo[39m: База пользователей подключена
2026-01-28 21:32:15 [32minfo[39m: Таблицы пользователей синхронизированы { alter: false } (dev)
2026-01-28 21:32:15 [32minfo[39m: База геоданных подключена
2026-01-28 21:32:15 [32minfo[39m: Подключение ко всем базам данных успешно выполнено
2026-01-28 21:32:15 [32minfo[39m: Сервер запущен на порту 5051
2026-01-28 21:32:18 [32minfo[39m: База пользователей подключена
2026-01-28 21:32:18 [32minfo[39m: Таблицы пользователей синхронизированы { alter: false } (dev)
2026-01-28 21:32:18 [32minfo[39m: База геоданных подключена
2026-01-28 21:32:18 [32minfo[39m: Подключение ко всем базам данных успешно выполнено
2026-01-28 21:32:18 [32minfo[39m: Сервер запущен на порту 5051
2026-01-28 21:32:20 [32minfo[39m: База пользователей подключена
2026-01-28 21:32:20 [32minfo[39m: Таблицы пользователей синхронизированы { alter: false } (dev)
2026-01-28 21:32:20 [32minfo[39m: База геоданных подключена
2026-01-28 21:32:20 [32minfo[39m: Подключение ко всем базам данных успешно выполнено
2026-01-28 21:32:20 [32minfo[39m: Сервер запущен на порту 5051
2026-01-28 21:32:21 [32minfo[39m: База пользователей подключена
2026-01-28 21:32:21 [32minfo[39m: Таблицы пользователей синхронизированы { alter: false } (dev)
2026-01-28 21:32:21 [32minfo[39m: База геоданных подключена
2026-01-28 21:32:21 [32minfo[39m: Подключение ко всем базам данных успешно выполнено
2026-01-28 21:32:21 [32minfo[39m: Сервер запущен на порту 5051
2026-01-28 21:32:24 [32minfo[39m: База пользователей подключена
2026-01-28 21:32:24 [32minfo[39m: Таблицы пользователей синхронизированы { alter: false } (dev)
2026-01-28 21:32:24 [32minfo[39m: База геоданных подключена
2026-01-28 21:32:24 [32minfo[39m: Подключение ко всем базам данных успешно выполнено
2026-01-28 21:32:24 [32minfo[39m: Сервер запущен на порту 5051
2026-01-28 21:32:28 [32minfo[39m: База пользователей подключена
2026-01-28 21:32:28 [32minfo[39m: Таблицы пользователей синхронизированы { alter: false } (dev)
2026-01-28 21:32:28 [32minfo[39m: База геоданных подключена
2026-01-28 21:32:28 [32minfo[39m: Подключение ко всем базам данных успешно выполнено
2026-01-28 21:32:28 [32minfo[39m: Сервер запущен на порту 5051
2026-01-28 21:32:29 [32minfo[39m: База пользователей подключена
2026-01-28 21:32:29 [32minfo[39m: Таблицы пользователей синхронизированы { alter: false } (dev)
2026-01-28 21:32:29 [32minfo[39m: База геоданных подключена
2026-01-28 21:32:29 [32minfo[39m: Подключение ко всем базам данных успешно выполнено
2026-01-28 21:32:29 [32minfo[39m: Сервер запущен на порту 5051
2026-01-28 21:32:32 [32minfo[39m: База пользователей подключена
2026-01-28 21:32:32 [32minfo[39m: Таблицы пользователей синхронизированы { alter: false } (dev)
2026-01-28 21:32:32 [32minfo[39m: База геоданных подключена
2026-01-28 21:32:32 [32minfo[39m: Подключение ко всем базам данных успешно выполнено
2026-01-28 21:32:32 [32minfo[39m: Сервер запущен на порту 5051
2026-01-28 21:32:33 [32minfo[39m: База пользователей подключена
2026-01-28 21:32:33 [32minfo[39m: Таблицы пользователей синхронизированы { alter: false } (dev)
2026-01-28 21:32:33 [32minfo[39m: База геоданных подключена
2026-01-28 21:32:33 [32minfo[39m: Подключение ко всем базам данных успешно выполнено
2026-01-28 21:32:33 [32minfo[39m: Сервер запущен на порту 5051
2026-01-28 21:32:37 [32minfo[39m: База пользователей подключена
2026-01-28 21:32:37 [32minfo[39m: Таблицы пользователей синхронизированы { alter: false } (dev)
2026-01-28 21:32:37 [32minfo[39m: База геоданных подключена
2026-01-28 21:32:37 [32minfo[39m: Подключение ко всем базам данных успешно выполнено
2026-01-28 21:32:37 [32minfo[39m: Сервер запущен на порту 5051
2026-01-28 21:32:39 [32minfo[39m: База пользователей подключена
2026-01-28 21:32:39 [32minfo[39m: Таблицы пользователей синхронизированы { alter: false } (dev)
2026-01-28 21:32:39 [32minfo[39m: База геоданных подключена
2026-01-28 21:32:39 [32minfo[39m: Подключение ко всем базам данных успешно выполнено
2026-01-28 21:32:39 [32minfo[39m: Сервер запущен на порту 5051
2026-01-28 21:32:40 [32minfo[39m: База пользователей подключена
2026-01-28 21:32:40 [32minfo[39m: Таблицы пользователей синхронизированы { alter: false } (dev)
2026-01-28 21:32:40 [32minfo[39m: База геоданных подключена
2026-01-28 21:32:40 [32minfo[39m: Подключение ко всем базам данных успешно выполнено
2026-01-28 21:32:40 [32minfo[39m: Сервер запущен на порту 5051
2026-01-28 21:32:49 [32minfo[39m: База пользователей подключена
2026-01-28 21:32:49 [32minfo[39m: Таблицы пользователей синхронизированы { alter: false } (dev)
2026-01-28 21:32:49 [32minfo[39m: База геоданных подключена
2026-01-28 21:32:49 [32minfo[39m: Подключение ко всем базам данных успешно выполнено
2026-01-28 21:32:49 [32minfo[39m: Сервер запущен на порту 5051
2026-01-28 21:32:51 [32minfo[39m: База пользователей подключена
2026-01-28 21:32:51 [32minfo[39m: Таблицы пользователей синхронизированы { alter: false } (dev)
2026-01-28 21:32:51 [32minfo[39m: База геоданных подключена
2026-01-28 21:32:51 [32minfo[39m: Подключение ко всем базам данных успешно выполнено
2026-01-28 21:32:51 [32minfo[39m: Сервер запущен на порту 5051
2026-01-28 21:32:52 [32minfo[39m: База пользователей подключена
2026-01-28 21:32:52 [32minfo[39m: Таблицы пользователей синхронизированы { alter: false } (dev)
2026-01-28 21:32:52 [32minfo[39m: База геоданных подключена
2026-01-28 21:32:52 [32minfo[39m: Подключение ко всем базам данных успешно выполнено
2026-01-28 21:32:52 [32minfo[39m: Сервер запущен на порту 5051
2026-01-28 21:32:53 [32minfo[39m: База пользователей подключена
2026-01-28 21:32:53 [32minfo[39m: Таблицы пользователей синхронизированы { alter: false } (dev)
2026-01-28 21:32:54 [32minfo[39m: База геоданных подключена
2026-01-28 21:32:54 [32minfo[39m: Подключение ко всем базам данных успешно выполнено
2026-01-28 21:32:54 [32minfo[39m: Сервер запущен на порту 5051
2026-01-28 21:32:57 [32minfo[39m: База пользователей подключена
2026-01-28 21:32:57 [32minfo[39m: Таблицы пользователей синхронизированы { alter: false } (dev)
2026-01-28 21:32:57 [32minfo[39m: База геоданных подключена
2026-01-28 21:32:57 [32minfo[39m: Подключение ко всем базам данных успешно выполнено
2026-01-28 21:32:57 [32minfo[39m: Сервер запущен на порту 5051
2026-01-28 21:33:01 [32minfo[39m: База пользователей подключена
2026-01-28 21:33:01 [32minfo[39m: Таблицы пользователей синхронизированы { alter: false } (dev)
2026-01-28 21:33:01 [32minfo[39m: База геоданных подключена
2026-01-28 21:33:01 [32minfo[39m: Подключение ко всем базам данных успешно выполнено
2026-01-28 21:33:01 [32minfo[39m: Сервер запущен на порту 5051
2026-01-28 21:33:03 [32minfo[39m: База пользователей подключена
2026-01-28 21:33:03 [32minfo[39m: Таблицы пользователей синхронизированы { alter: false } (dev)
2026-01-28 21:33:03 [32minfo[39m: База геоданных подключена
2026-01-28 21:33:03 [32minfo[39m: Подключение ко всем базам данных успешно выполнено
2026-01-28 21:33:03 [32minfo[39m: Сервер запущен на порту 5051
2026-01-28 21:33:07 [32minfo[39m: База пользователей подключена
2026-01-28 21:33:07 [32minfo[39m: Таблицы пользователей синхронизированы { alter: false } (dev)
2026-01-28 21:33:07 [32minfo[39m: База геоданных подключена
2026-01-28 21:33:07 [32minfo[39m: Подключение ко всем базам данных успешно выполнено
2026-01-28 21:33:07 [32minfo[39m: Сервер запущен на порту 5051
2026-01-28 21:33:09 [32minfo[39m: База пользователей подключена
2026-01-28 21:33:09 [32minfo[39m: Таблицы пользователей синхронизированы { alter: false } (dev)
2026-01-28 21:33:09 [32minfo[39m: База геоданных подключена
2026-01-28 21:33:09 [32minfo[39m: Подключение ко всем базам данных успешно выполнено
2026-01-28 21:33:09 [32minfo[39m: Сервер запущен на порту 5051
2026-01-28 21:33:21 [32minfo[39m: База пользователей подключена
2026-01-28 21:33:21 [32minfo[39m: Таблицы пользователей синхронизированы { alter: false } (dev)
2026-01-28 21:33:22 [32minfo[39m: База геоданных подключена
2026-01-28 21:33:22 [32minfo[39m: Подключение ко всем базам данных успешно выполнено
2026-01-28 21:33:22 [32minfo[39m: Сервер запущен на порту 5051
2026-01-28 21:33:23 [32minfo[39m: База пользователей подключена
2026-01-28 21:33:23 [32minfo[39m: Таблицы пользователей синхронизированы { alter: false } (dev)
2026-01-28 21:33:23 [32minfo[39m: База геоданных подключена
2026-01-28 21:33:23 [32minfo[39m: Подключение ко всем базам данных успешно выполнено
2026-01-28 21:33:23 [32minfo[39m: Сервер запущен на порту 5051
2026-01-28 21:33:25 [32minfo[39m: База пользователей подключена
2026-01-28 21:33:25 [32minfo[39m: Таблицы пользователей синхронизированы { alter: false } (dev)
2026-01-28 21:33:25 [32minfo[39m: База геоданных подключена
2026-01-28 21:33:25 [32minfo[39m: Подключение ко всем базам данных успешно выполнено
2026-01-28 21:33:25 [32minfo[39m: Сервер запущен на порту 5051
2026-01-28 21:33:27 [32minfo[39m: База пользователей подключена
2026-01-28 21:33:27 [32minfo[39m: Таблицы пользователей синхронизированы { alter: false } (dev)
2026-01-28 21:33:28 [32minfo[39m: База геоданных подключена
2026-01-28 21:33:28 [32minfo[39m: Подключение ко всем базам данных успешно выполнено
2026-01-28 21:33:28 [32minfo[39m: Сервер запущен на порту 5051
2026-01-28 21:33:29 [32minfo[39m: База пользователей подключена
2026-01-28 21:33:29 [32minfo[39m: Таблицы пользователей синхронизированы { alter: false } (dev)
2026-01-28 21:33:29 [32minfo[39m: База геоданных подключена
2026-01-28 21:33:29 [32minfo[39m: Подключение ко всем базам данных успешно выполнено
2026-01-28 21:33:29 [32minfo[39m: Сервер запущен на порту 5051
2026-01-28 21:33:34 [32minfo[39m: База пользователей подключена
2026-01-28 21:33:34 [32minfo[39m: Таблицы пользователей синхронизированы { alter: false } (dev)
2026-01-28 21:33:34 [32minfo[39m: База геоданных подключена
2026-01-28 21:33:34 [32minfo[39m: Подключение ко всем базам данных успешно выполнено
2026-01-28 21:33:34 [32minfo[39m: Сервер запущен на порту 5051
2026-01-28 21:33:35 [32minfo[39m: База пользователей подключена
2026-01-28 21:33:35 [32minfo[39m: Таблицы пользователей синхронизированы { alter: false } (dev)
2026-01-28 21:33:36 [32minfo[39m: База геоданных подключена
2026-01-28 21:33:36 [32minfo[39m: Подключение ко всем базам данных успешно выполнено
2026-01-28 21:33:36 [32minfo[39m: Сервер запущен на порту 5051
2026-01-28 21:33:41 [32minfo[39m: База пользователей подключена
2026-01-28 21:33:41 [32minfo[39m: Таблицы пользователей синхронизированы { alter: false } (dev)
2026-01-28 21:33:42 [32minfo[39m: База геоданных подключена
2026-01-28 21:33:42 [32minfo[39m: Подключение ко всем базам данных успешно выполнено
2026-01-28 21:33:42 [32minfo[39m: Сервер запущен на порту 5051
2026-01-28 21:33:48 [32minfo[39m: База пользователей подключена
2026-01-28 21:33:48 [32minfo[39m: Таблицы пользователей синхронизированы { alter: false } (dev)
2026-01-28 21:33:48 [32minfo[39m: База геоданных подключена
2026-01-28 21:33:48 [32minfo[39m: Подключение ко всем базам данных успешно выполнено
2026-01-28 21:33:48 [32minfo[39m: Сервер запущен на порту 5051
2026-01-28 21:33:49 [32minfo[39m: База пользователей подключена
2026-01-28 21:33:49 [32minfo[39m: Таблицы пользователей синхронизированы { alter: false } (dev)
2026-01-28 21:33:49 [32minfo[39m: База геоданных подключена
2026-01-28 21:33:49 [32minfo[39m: Подключение ко всем базам данных успешно выполнено
2026-01-28 21:33:49 [32minfo[39m: Сервер запущен на порту 5051
2026-01-28 21:33:56 [32minfo[39m: База пользователей подключена
2026-01-28 21:33:56 [32minfo[39m: Таблицы пользователей синхронизированы { alter: false } (dev)
2026-01-28 21:33:56 [32minfo[39m: База геоданных подключена
2026-01-28 21:33:56 [32minfo[39m: Подключение ко всем базам данных успешно выполнено
2026-01-28 21:33:56 [32minfo[39m: Сервер запущен на порту 5051
2026-01-28 21:33:57 [32minfo[39m: База пользователей подключена
2026-01-28 21:33:57 [32minfo[39m: Таблицы пользователей синхронизированы { alter: false } (dev)
2026-01-28 21:33:58 [32minfo[39m: База геоданных подключена
2026-01-28 21:33:58 [32minfo[39m: Подключение ко всем базам данных успешно выполнено
2026-01-28 21:33:58 [32minfo[39m: Сервер запущен на порту 5051
2026-01-28 21:33:59 [32minfo[39m: База пользователей подключена
2026-01-28 21:33:59 [32minfo[39m: Таблицы пользователей синхронизированы { alter: false } (dev)
2026-01-28 21:33:59 [32minfo[39m: База геоданных подключена
2026-01-28 21:33:59 [32minfo[39m: Подключение ко всем базам данных успешно выполнено
2026-01-28 21:33:59 [32minfo[39m: Сервер запущен на порту 5051
2026-01-28 21:34:03 [32minfo[39m: База пользователей подключена
2026-01-28 21:34:03 [32minfo[39m: Таблицы пользователей синхронизированы { alter: false } (dev)
2026-01-28 21:34:03 [32minfo[39m: База геоданных подключена
2026-01-28 21:34:03 [32minfo[39m: Подключение ко всем базам данных успешно выполнено
2026-01-28 21:34:03 [32minfo[39m: Сервер запущен на порту 5051
2026-01-28 21:34:07 [32minfo[39m: База пользователей подключена
2026-01-28 21:34:07 [32minfo[39m: Таблицы пользователей синхронизированы { alter: false } (dev)
2026-01-28 21:34:07 [32minfo[39m: База геоданных подключена
2026-01-28 21:34:07 [32minfo[39m: Подключение ко всем базам данных успешно выполнено
2026-01-28 21:34:07 [32minfo[39m: Сервер запущен на порту 5051
2026-01-28 21:34:11 [32minfo[39m: База пользователей подключена
2026-01-28 21:34:11 [32minfo[39m: Таблицы пользователей синхронизированы { alter: false } (dev)
2026-01-28 21:34:11 [32minfo[39m: База геоданных подключена
2026-01-28 21:34:11 [32minfo[39m: Подключение ко всем базам данных успешно выполнено
2026-01-28 21:34:11 [32minfo[39m: Сервер запущен на порту 5051
2026-01-28 21:34:22 [32minfo[39m: База пользователей подключена
2026-01-28 21:34:22 [32minfo[39m: Таблицы пользователей синхронизированы { alter: false } (dev)
2026-01-28 21:34:22 [32minfo[39m: База геоданных подключена
2026-01-28 21:34:22 [32minfo[39m: Подключение ко всем базам данных успешно выполнено
2026-01-28 21:34:22 [32minfo[39m: Сервер запущен на порту 5051
2026-01-28 21:34:26 [32minfo[39m: База пользователей подключена
2026-01-28 21:34:26 [32minfo[39m: Таблицы пользователей синхронизированы { alter: false } (dev)
2026-01-28 21:34:26 [32minfo[39m: База геоданных подключена
2026-01-28 21:34:26 [32minfo[39m: Подключение ко всем базам данных успешно выполнено
2026-01-28 21:34:26 [32minfo[39m: Сервер запущен на порту 5051
2026-01-28 21:34:33 [32minfo[39m: База пользователей подключена
2026-01-28 21:34:33 [32minfo[39m: Таблицы пользователей синхронизированы { alter: false } (dev)
2026-01-28 21:34:33 [32minfo[39m: База геоданных подключена
2026-01-28 21:34:33 [32minfo[39m: Подключение ко всем базам данных успешно выполнено
2026-01-28 21:34:33 [32minfo[39m: Сервер запущен на порту 5051
2026-01-28 21:34:34 [32minfo[39m: База пользователей подключена
2026-01-28 21:34:34 [32minfo[39m: Таблицы пользователей синхронизированы { alter: false } (dev)
2026-01-28 21:34:34 [32minfo[39m: База геоданных подключена
2026-01-28 21:34:34 [32minfo[39m: Подключение ко всем базам данных успешно выполнено
2026-01-28 21:34:34 [32minfo[39m: Сервер запущен на порту 5051
2026-01-28 21:34:36 [32minfo[39m: База пользователей подключена
2026-01-28 21:34:36 [32minfo[39m: Таблицы пользователей синхронизированы { alter: false } (dev)
2026-01-28 21:34:36 [32minfo[39m: База геоданных подключена
2026-01-28 21:34:36 [32minfo[39m: Подключение ко всем базам данных успешно выполнено
2026-01-28 21:34:36 [32minfo[39m: Сервер запущен на порту 5051
2026-01-28 21:34:38 [32minfo[39m: База пользователей подключена
2026-01-28 21:34:38 [32minfo[39m: Таблицы пользователей синхронизированы { alter: false } (dev)
2026-01-28 21:34:38 [32minfo[39m: База геоданных подключена
2026-01-28 21:34:38 [32minfo[39m: Подключение ко всем базам данных успешно выполнено
2026-01-28 21:34:38 [32minfo[39m: Сервер запущен на порту 5051
2026-01-28 21:34:48 [32minfo[39m: База пользователей подключена
2026-01-28 21:34:48 [32minfo[39m: Таблицы пользователей синхронизированы { alter: false } (dev)
2026-01-28 21:34:48 [32minfo[39m: База геоданных подключена
2026-01-28 21:34:48 [32minfo[39m: Подключение ко всем базам данных успешно выполнено
2026-01-28 21:34:48 [32minfo[39m: Сервер запущен на порту 5051
2026-01-28 21:34:51 [32minfo[39m: База пользователей подключена
2026-01-28 21:34:51 [32minfo[39m: Таблицы пользователей синхронизированы { alter: false } (dev)
2026-01-28 21:34:51 [32minfo[39m: База геоданных подключена
2026-01-28 21:34:51 [32minfo[39m: Подключение ко всем базам данных успешно выполнено
2026-01-28 21:34:51 [32minfo[39m: Сервер запущен на порту 5051
2026-01-28 21:35:13 [32minfo[39m: База пользователей подключена
2026-01-28 21:35:13 [32minfo[39m: Таблицы пользователей синхронизированы { alter: false } (dev)
2026-01-28 21:35:13 [32minfo[39m: База геоданных подключена
2026-01-28 21:35:13 [32minfo[39m: Подключение ко всем базам данных успешно выполнено
2026-01-28 21:35:13 [32minfo[39m: Сервер запущен на порту 5051
2026-01-28 21:35:18 [32minfo[39m: База пользователей подключена
2026-01-28 21:35:18 [32minfo[39m: Таблицы пользователей синхронизированы { alter: false } (dev)
2026-01-28 21:35:18 [32minfo[39m: База геоданных подключена
2026-01-28 21:35:18 [32minfo[39m: Подключение ко всем базам данных успешно выполнено
2026-01-28 21:35:18 [32minfo[39m: Сервер запущен на порту 5051
2026-01-28 21:35:19 [32minfo[39m: База пользователей подключена
2026-01-28 21:35:19 [32minfo[39m: Таблицы пользователей синхронизированы { alter: false } (dev)
2026-01-28 21:35:19 [32minfo[39m: База геоданных подключена
2026-01-28 21:35:19 [32minfo[39m: Подключение ко всем базам данных успешно выполнено
2026-01-28 21:35:19 [32minfo[39m: Сервер запущен на порту 5051
2026-01-28 21:35:24 [32minfo[39m: База пользователей подключена
2026-01-28 21:35:24 [32minfo[39m: Таблицы пользователей синхронизированы { alter: false } (dev)
2026-01-28 21:35:24 [32minfo[39m: База геоданных подключена
2026-01-28 21:35:24 [32minfo[39m: Подключение ко всем базам данных успешно выполнено
2026-01-28 21:35:24 [32minfo[39m: Сервер запущен на порту 5051
2026-01-28 21:35:30 [32minfo[39m: База пользователей подключена
2026-01-28 21:35:30 [32minfo[39m: Таблицы пользователей синхронизированы { alter: false } (dev)
2026-01-28 21:35:30 [32minfo[39m: База геоданных подключена
2026-01-28 21:35:30 [32minfo[39m: Подключение ко всем базам данных успешно выполнено
2026-01-28 21:35:30 [32minfo[39m: Сервер запущен на порту 5051
2026-01-28 21:35:39 [32minfo[39m: База пользователей подключена
2026-01-28 21:35:39 [32minfo[39m: Таблицы пользователей синхронизированы { alter: false } (dev)
2026-01-28 21:35:39 [32minfo[39m: База геоданных подключена
2026-01-28 21:35:39 [32minfo[39m: Подключение ко всем базам данных успешно выполнено
2026-01-28 21:35:39 [32minfo[39m: Сервер запущен на порту 5051
2026-01-28 21:35:45 [32minfo[39m: База пользователей подключена
2026-01-28 21:35:45 [32minfo[39m: Таблицы пользователей синхронизированы { alter: false } (dev)
2026-01-28 21:35:45 [32minfo[39m: База геоданных подключена
2026-01-28 21:35:45 [32minfo[39m: Подключение ко всем базам данных успешно выполнено
2026-01-28 21:35:45 [32minfo[39m: Сервер запущен на порту 5051
2026-01-28 21:35:48 [32minfo[39m: База пользователей подключена
2026-01-28 21:35:48 [32minfo[39m: Таблицы пользователей синхронизированы { alter: false } (dev)
2026-01-28 21:35:48 [32minfo[39m: База геоданных подключена
2026-01-28 21:35:48 [32minfo[39m: Подключение ко всем базам данных успешно выполнено
2026-01-28 21:35:48 [32minfo[39m: Сервер запущен на порту 5051
2026-01-28 21:35:51 [32minfo[39m: База пользователей подключена
2026-01-28 21:35:51 [32minfo[39m: Таблицы пользователей синхронизированы { alter: false } (dev)
2026-01-28 21:35:51 [32minfo[39m: База геоданных подключена
2026-01-28 21:35:51 [32minfo[39m: Подключение ко всем базам данных успешно выполнено
2026-01-28 21:35:51 [32minfo[39m: Сервер запущен на порту 5051
2026-01-28 21:35:58 [32minfo[39m: База пользователей подключена
2026-01-28 21:35:58 [32minfo[39m: Таблицы пользователей синхронизированы { alter: false } (dev)
2026-01-28 21:35:58 [32minfo[39m: База геоданных подключена
2026-01-28 21:35:58 [32minfo[39m: Подключение ко всем базам данных успешно выполнено
2026-01-28 21:35:58 [32minfo[39m: Сервер запущен на порту 5051
2026-01-28 21:36:02 [32minfo[39m: База пользователей подключена
2026-01-28 21:36:02 [32minfo[39m: Таблицы пользователей синхронизированы { alter: false } (dev)
2026-01-28 21:36:02 [32minfo[39m: База геоданных подключена
2026-01-28 21:36:02 [32minfo[39m: Подключение ко всем базам данных успешно выполнено
2026-01-28 21:36:02 [32minfo[39m: Сервер запущен на порту 5051
2026-01-28 21:36:04 [32minfo[39m: База пользователей подключена
2026-01-28 21:36:04 [32minfo[39m: Таблицы пользователей синхронизированы { alter: false } (dev)
2026-01-28 21:36:05 [32minfo[39m: База геоданных подключена
2026-01-28 21:36:05 [32minfo[39m: Подключение ко всем базам данных успешно выполнено
2026-01-28 21:36:05 [32minfo[39m: Сервер запущен на порту 5051
2026-01-28 21:36:10 [32minfo[39m: База пользователей подключена
2026-01-28 21:36:10 [32minfo[39m: Таблицы пользователей синхронизированы { alter: false } (dev)
2026-01-28 21:36:10 [32minfo[39m: База геоданных подключена
2026-01-28 21:36:10 [32minfo[39m: Подключение ко всем базам данных успешно выполнено
2026-01-28 21:36:10 [32minfo[39m: Сервер запущен на порту 5051
2026-01-28 21:36:12 [32minfo[39m: База пользователей подключена
2026-01-28 21:36:12 [32minfo[39m: Таблицы пользователей синхронизированы { alter: false } (dev)
2026-01-28 21:36:12 [32minfo[39m: База геоданных подключена
2026-01-28 21:36:12 [32minfo[39m: Подключение ко всем базам данных успешно выполнено
2026-01-28 21:36:12 [32minfo[39m: Сервер запущен на порту 5051
2026-01-28 21:36:14 [32minfo[39m: База пользователей подключена
2026-01-28 21:36:14 [32minfo[39m: Таблицы пользователей синхронизированы { alter: false } (dev)
2026-01-28 21:36:14 [32minfo[39m: База геоданных подключена
2026-01-28 21:36:14 [32minfo[39m: Подключение ко всем базам данных успешно выполнено
2026-01-28 21:36:14 [32minfo[39m: Сервер запущен на порту 5051
2026-01-28 21:36:21 [32minfo[39m: База пользователей подключена
2026-01-28 21:36:21 [32minfo[39m: Таблицы пользователей синхронизированы { alter: false } (dev)
2026-01-28 21:36:21 [32minfo[39m: База геоданных подключена
2026-01-28 21:36:21 [32minfo[39m: Подключение ко всем базам данных успешно выполнено
2026-01-28 21:36:21 [32minfo[39m: Сервер запущен на порту 5051
2026-01-28 21:36:23 [32minfo[39m: База пользователей подключена
2026-01-28 21:36:23 [32minfo[39m: Таблицы пользователей синхронизированы { alter: false } (dev)
2026-01-28 21:36:23 [32minfo[39m: База геоданных подключена
2026-01-28 21:36:23 [32minfo[39m: Подключение ко всем базам данных успешно выполнено
2026-01-28 21:36:23 [32minfo[39m: Сервер запущен на порту 5051
2026-01-28 21:36:25 [32minfo[39m: База пользователей подключена
2026-01-28 21:36:25 [32minfo[39m: Таблицы пользователей синхронизированы { alter: false } (dev)
2026-01-28 21:36:25 [32minfo[39m: База геоданных подключена
2026-01-28 21:36:25 [32minfo[39m: Подключение ко всем базам данных успешно выполнено
2026-01-28 21:36:25 [32minfo[39m: Сервер запущен на порту 5051
2026-01-28 21:36:30 [32minfo[39m: База пользователей подключена
2026-01-28 21:36:30 [32minfo[39m: Таблицы пользователей синхронизированы { alter: false } (dev)
2026-01-28 21:36:30 [32minfo[39m: База геоданных подключена
2026-01-28 21:36:30 [32minfo[39m: Подключение ко всем базам данных успешно выполнено
2026-01-28 21:36:30 [32minfo[39m: Сервер запущен на порту 5051
2026-01-28 21:36:35 [32minfo[39m: База пользователей подключена
2026-01-28 21:36:35 [32minfo[39m: Таблицы пользователей синхронизированы { alter: false } (dev)
2026-01-28 21:36:35 [32minfo[39m: База геоданных подключена
2026-01-28 21:36:35 [32minfo[39m: Подключение ко всем базам данных успешно выполнено
2026-01-28 21:36:35 [32minfo[39m: Сервер запущен на порту 5051
2026-01-28 21:36:39 [32minfo[39m: База пользователей подключена
2026-01-28 21:36:39 [32minfo[39m: Таблицы пользователей синхронизированы { alter: false } (dev)
2026-01-28 21:36:39 [32minfo[39m: База геоданных подключена
2026-01-28 21:36:39 [32minfo[39m: Подключение ко всем базам данных успешно выполнено
2026-01-28 21:36:39 [32minfo[39m: Сервер запущен на порту 5051
2026-01-28 21:37:02 [32minfo[39m: База пользователей подключена
2026-01-28 21:37:02 [32minfo[39m: Таблицы пользователей синхронизированы { alter: false } (dev)
2026-01-28 21:37:02 [32minfo[39m: База геоданных подключена
2026-01-28 21:37:02 [32minfo[39m: Подключение ко всем базам данных успешно выполнено
2026-01-28 21:37:02 [32minfo[39m: Сервер запущен на порту 5051
2026-01-28 21:37:23 [32minfo[39m: База пользователей подключена
2026-01-28 21:37:23 [32minfo[39m: Таблицы пользователей синхронизированы { alter: false } (dev)
2026-01-28 21:37:23 [32minfo[39m: База геоданных подключена
2026-01-28 21:37:23 [32minfo[39m: Подключение ко всем базам данных успешно выполнено
2026-01-28 21:37:23 [32minfo[39m: Сервер запущен на порту 5051
2026-01-28 21:37:27 [32minfo[39m: База пользователей подключена
2026-01-28 21:37:27 [32minfo[39m: Таблицы пользователей синхронизированы { alter: false } (dev)
2026-01-28 21:37:27 [32minfo[39m: База геоданных подключена
2026-01-28 21:37:27 [32minfo[39m: Подключение ко всем базам данных успешно выполнено
2026-01-28 21:37:27 [32minfo[39m: Сервер запущен на порту 5051
2026-01-28 21:37:28 [32minfo[39m: База пользователей подключена
2026-01-28 21:37:28 [32minfo[39m: Таблицы пользователей синхронизированы { alter: false } (dev)
2026-01-28 21:37:28 [32minfo[39m: База геоданных подключена
2026-01-28 21:37:28 [32minfo[39m: Подключение ко всем базам данных успешно выполнено
2026-01-28 21:37:28 [32minfo[39m: Сервер запущен на порту 5051
2026-01-28 21:37:35 [32minfo[39m: База пользователей подключена
2026-01-28 21:37:35 [32minfo[39m: Таблицы пользователей синхронизированы { alter: false } (dev)
2026-01-28 21:37:35 [32minfo[39m: База геоданных подключена
2026-01-28 21:37:35 [32minfo[39m: Подключение ко всем базам данных успешно выполнено
2026-01-28 21:37:35 [32minfo[39m: Сервер запущен на порту 5051
2026-01-28 21:37:37 [32minfo[39m: База пользователей подключена
2026-01-28 21:37:37 [32minfo[39m: Таблицы пользователей синхронизированы { alter: false } (dev)
2026-01-28 21:37:37 [32minfo[39m: База геоданных подключена
2026-01-28 21:37:37 [32minfo[39m: Подключение ко всем базам данных успешно выполнено
2026-01-28 21:37:37 [32minfo[39m: Сервер запущен на порту 5051
2026-01-28 21:37:38 [32minfo[39m: База пользователей подключена
2026-01-28 21:37:38 [32minfo[39m: Таблицы пользователей синхронизированы { alter: false } (dev)
2026-01-28 21:37:38 [32minfo[39m: База геоданных подключена
2026-01-28 21:37:38 [32minfo[39m: Подключение ко всем базам данных успешно выполнено
2026-01-28 21:37:38 [32minfo[39m: Сервер запущен на порту 5051
2026-01-28 21:37:51 [32minfo[39m: База пользователей подключена
2026-01-28 21:37:51 [32minfo[39m: Таблицы пользователей синхронизированы { alter: false } (dev)
2026-01-28 21:37:51 [32minfo[39m: База геоданных подключена
2026-01-28 21:37:51 [32minfo[39m: Подключение ко всем базам данных успешно выполнено
2026-01-28 21:37:51 [32minfo[39m: Сервер запущен на порту 5051
2026-01-28 21:37:54 [32minfo[39m: База пользователей подключена
2026-01-28 21:37:54 [32minfo[39m: Таблицы пользователей синхронизированы { alter: false } (dev)
2026-01-28 21:37:54 [32minfo[39m: База геоданных подключена
2026-01-28 21:37:54 [32minfo[39m: Подключение ко всем базам данных успешно выполнено
2026-01-28 21:37:54 [32minfo[39m: Сервер запущен на порту 5051
2026-01-28 21:38:05 [32minfo[39m: База пользователей подключена
2026-01-28 21:38:05 [32minfo[39m: Таблицы пользователей синхронизированы { alter: false } (dev)
2026-01-28 21:38:05 [32minfo[39m: База геоданных подключена
2026-01-28 21:38:05 [32minfo[39m: Подключение ко всем базам данных успешно выполнено
2026-01-28 21:38:05 [32minfo[39m: Сервер запущен на порту 5051
2026-01-28 21:38:29 [32minfo[39m: База пользователей подключена
2026-01-28 21:38:29 [32minfo[39m: Таблицы пользователей синхронизированы { alter: false } (dev)
2026-01-28 21:38:29 [32minfo[39m: База геоданных подключена
2026-01-28 21:38:29 [32minfo[39m: Подключение ко всем базам данных успешно выполнено
2026-01-28 21:38:29 [32minfo[39m: Сервер запущен на порту 5051
2026-01-28 21:38:29 [32minfo[39m: База пользователей подключена
2026-01-28 21:38:29 [32minfo[39m: Таблицы пользователей синхронизированы { alter: false } (dev)
2026-01-28 21:38:30 [32minfo[39m: База геоданных подключена
2026-01-28 21:38:30 [32minfo[39m: Подключение ко всем базам данных успешно выполнено
2026-01-28 21:38:30 [32minfo[39m: Сервер запущен на порту 5051
2026-01-28 21:38:37 [32minfo[39m: База пользователей подключена
2026-01-28 21:38:37 [32minfo[39m: Таблицы пользователей синхронизированы { alter: false } (dev)
2026-01-28 21:38:37 [32minfo[39m: База геоданных подключена
2026-01-28 21:38:37 [32minfo[39m: Подключение ко всем базам данных успешно выполнено
2026-01-28 21:38:37 [32minfo[39m: Сервер запущен на порту 5051
2026-01-28 21:38:48 [32minfo[39m: База пользователей подключена
2026-01-28 21:38:48 [32minfo[39m: Таблицы пользователей синхронизированы { alter: false } (dev)
2026-01-28 21:38:48 [32minfo[39m: База геоданных подключена
2026-01-28 21:38:48 [32minfo[39m: Подключение ко всем базам данных успешно выполнено
2026-01-28 21:38:48 [32minfo[39m: Сервер запущен на порту 5051
2026-01-28 21:39:03 [32minfo[39m: База пользователей подключена
2026-01-28 21:39:03 [32minfo[39m: Таблицы пользователей синхронизированы { alter: false } (dev)
2026-01-28 21:39:03 [32minfo[39m: База геоданных подключена
2026-01-28 21:39:03 [32minfo[39m: Подключение ко всем базам данных успешно выполнено
2026-01-28 21:39:03 [32minfo[39m: Сервер запущен на порту 5051
2026-01-28 21:39:14 [32minfo[39m: База пользователей подключена
2026-01-28 21:39:14 [32minfo[39m: Таблицы пользователей синхронизированы { alter: false } (dev)
2026-01-28 21:39:15 [32minfo[39m: База геоданных подключена
2026-01-28 21:39:15 [32minfo[39m: Подключение ко всем базам данных успешно выполнено
2026-01-28 21:39:15 [32minfo[39m: Сервер запущен на порту 5051
2026-01-28 21:39:16 [32minfo[39m: База пользователей подключена
2026-01-28 21:39:16 [32minfo[39m: Таблицы пользователей синхронизированы { alter: false } (dev)
2026-01-28 21:39:16 [32minfo[39m: База геоданных подключена
2026-01-28 21:39:16 [32minfo[39m: Подключение ко всем базам данных успешно выполнено
2026-01-28 21:39:16 [32minfo[39m: Сервер запущен на порту 5051
2026-01-28 21:39:18 [32minfo[39m: База пользователей подключена
2026-01-28 21:39:18 [32minfo[39m: Таблицы пользователей синхронизированы { alter: false } (dev)
2026-01-28 21:39:18 [32minfo[39m: База геоданных подключена
2026-01-28 21:39:18 [32minfo[39m: Подключение ко всем базам данных успешно выполнено
2026-01-28 21:39:18 [32minfo[39m: Сервер запущен на порту 5051
2026-01-28 21:39:26 [32minfo[39m: База пользователей подключена
2026-01-28 21:39:26 [32minfo[39m: Таблицы пользователей синхронизированы { alter: false } (dev)
2026-01-28 21:39:26 [32minfo[39m: База геоданных подключена
2026-01-28 21:39:26 [32minfo[39m: Подключение ко всем базам данных успешно выполнено
2026-01-28 21:39:26 [32minfo[39m: Сервер запущен на порту 5051
2026-01-28 21:39:29 [32minfo[39m: База пользователей подключена
2026-01-28 21:39:29 [32minfo[39m: Таблицы пользователей синхронизированы { alter: false } (dev)
2026-01-28 21:39:29 [32minfo[39m: База геоданных подключена
2026-01-28 21:39:29 [32minfo[39m: Подключение ко всем базам данных успешно выполнено
2026-01-28 21:39:29 [32minfo[39m: Сервер запущен на порту 5051
2026-01-28 21:39:30 [32minfo[39m: База пользователей подключена
2026-01-28 21:39:30 [32minfo[39m: Таблицы пользователей синхронизированы { alter: false } (dev)
2026-01-28 21:39:30 [32minfo[39m: База геоданных подключена
2026-01-28 21:39:30 [32minfo[39m: Подключение ко всем базам данных успешно выполнено
2026-01-28 21:39:30 [32minfo[39m: Сервер запущен на порту 5051
2026-01-28 21:39:33 [32minfo[39m: База пользователей подключена
2026-01-28 21:39:33 [32minfo[39m: Таблицы пользователей синхронизированы { alter: false } (dev)
2026-01-28 21:39:34 [32minfo[39m: База геоданных подключена
2026-01-28 21:39:34 [32minfo[39m: Подключение ко всем базам данных успешно выполнено
2026-01-28 21:39:34 [32minfo[39m: Сервер запущен на порту 5051
2026-01-28 21:39:43 [32minfo[39m: База пользователей подключена
2026-01-28 21:39:43 [32minfo[39m: Таблицы пользователей синхронизированы { alter: false } (dev)
2026-01-28 21:39:43 [32minfo[39m: База геоданных подключена
2026-01-28 21:39:43 [32minfo[39m: Подключение ко всем базам данных успешно выполнено
2026-01-28 21:39:43 [32minfo[39m: Сервер запущен на порту 5051
2026-01-28 21:39:46 [32minfo[39m: База пользователей подключена
2026-01-28 21:39:46 [32minfo[39m: Таблицы пользователей синхронизированы { alter: false } (dev)
2026-01-28 21:39:46 [32minfo[39m: База геоданных подключена
2026-01-28 21:39:46 [32minfo[39m: Подключение ко всем базам данных успешно выполнено
2026-01-28 21:39:46 [32minfo[39m: Сервер запущен на порту 5051
2026-01-28 21:39:51 [32minfo[39m: База пользователей подключена
2026-01-28 21:39:51 [32minfo[39m: Таблицы пользователей синхронизированы { alter: false } (dev)
2026-01-28 21:39:52 [32minfo[39m: База геоданных подключена
2026-01-28 21:39:52 [32minfo[39m: Подключение ко всем базам данных успешно выполнено
2026-01-28 21:39:52 [32minfo[39m: Сервер запущен на порту 5051
2026-01-28 21:39:53 [32minfo[39m: База пользователей подключена
2026-01-28 21:39:53 [32minfo[39m: Таблицы пользователей синхронизированы { alter: false } (dev)
2026-01-28 21:39:53 [32minfo[39m: База геоданных подключена
2026-01-28 21:39:53 [32minfo[39m: Подключение ко всем базам данных успешно выполнено
2026-01-28 21:39:53 [32minfo[39m: Сервер запущен на порту 5051
2026-01-28 21:39:56 [32minfo[39m: База пользователей подключена
2026-01-28 21:39:56 [32minfo[39m: Таблицы пользователей синхронизированы { alter: false } (dev)
2026-01-28 21:39:56 [32minfo[39m: База геоданных подключена
2026-01-28 21:39:56 [32minfo[39m: Подключение ко всем базам данных успешно выполнено
2026-01-28 21:39:56 [32minfo[39m: Сервер запущен на порту 5051
2026-01-28 21:40:00 [32minfo[39m: База пользователей подключена
2026-01-28 21:40:00 [32minfo[39m: Таблицы пользователей синхронизированы { alter: false } (dev)
2026-01-28 21:40:01 [32minfo[39m: База геоданных подключена
2026-01-28 21:40:01 [32minfo[39m: Подключение ко всем базам данных успешно выполнено
2026-01-28 21:40:01 [32minfo[39m: Сервер запущен на порту 5051
2026-01-28 21:40:03 [32minfo[39m: База пользователей подключена
2026-01-28 21:40:03 [32minfo[39m: Таблицы пользователей синхронизированы { alter: false } (dev)
2026-01-28 21:40:03 [32minfo[39m: База геоданных подключена
2026-01-28 21:40:03 [32minfo[39m: Подключение ко всем базам данных успешно выполнено
2026-01-28 21:40:03 [32minfo[39m: Сервер запущен на порту 5051
2026-01-28 21:40:05 [32minfo[39m: База пользователей подключена
2026-01-28 21:40:05 [32minfo[39m: Таблицы пользователей синхронизированы { alter: false } (dev)
2026-01-28 21:40:05 [32minfo[39m: База геоданных подключена
2026-01-28 21:40:05 [32minfo[39m: Подключение ко всем базам данных успешно выполнено
2026-01-28 21:40:05 [32minfo[39m: Сервер запущен на порту 5051
2026-01-28 21:40:09 [32minfo[39m: База пользователей подключена
2026-01-28 21:40:09 [32minfo[39m: Таблицы пользователей синхронизированы { alter: false } (dev)
2026-01-28 21:40:09 [32minfo[39m: База геоданных подключена
2026-01-28 21:40:09 [32minfo[39m: Подключение ко всем базам данных успешно выполнено
2026-01-28 21:40:09 [32minfo[39m: Сервер запущен на порту 5051
2026-01-28 21:40:11 [32minfo[39m: База пользователей подключена
2026-01-28 21:40:11 [32minfo[39m: Таблицы пользователей синхронизированы { alter: false } (dev)
2026-01-28 21:40:11 [32minfo[39m: База геоданных подключена
2026-01-28 21:40:11 [32minfo[39m: Подключение ко всем базам данных успешно выполнено
2026-01-28 21:40:11 [32minfo[39m: Сервер запущен на порту 5051
2026-01-28 21:40:12 [32minfo[39m: База пользователей подключена
2026-01-28 21:40:12 [32minfo[39m: Таблицы пользователей синхронизированы { alter: false } (dev)
2026-01-28 21:40:12 [32minfo[39m: База геоданных подключена
2026-01-28 21:40:12 [32minfo[39m: Подключение ко всем базам данных успешно выполнено
2026-01-28 21:40:12 [32minfo[39m: Сервер запущен на порту 5051
2026-01-28 21:40:15 [32minfo[39m: База пользователей подключена
2026-01-28 21:40:15 [32minfo[39m: Таблицы пользователей синхронизированы { alter: false } (dev)
2026-01-28 21:40:16 [32minfo[39m: База геоданных подключена
2026-01-28 21:40:16 [32minfo[39m: Подключение ко всем базам данных успешно выполнено
2026-01-28 21:40:16 [32minfo[39m: Сервер запущен на порту 5051
2026-01-28 21:40:24 [32minfo[39m: База пользователей подключена
2026-01-28 21:40:24 [32minfo[39m: Таблицы пользователей синхронизированы { alter: false } (dev)
2026-01-28 21:40:24 [32minfo[39m: База геоданных подключена
2026-01-28 21:40:24 [32minfo[39m: Подключение ко всем базам данных успешно выполнено
2026-01-28 21:40:24 [32minfo[39m: Сервер запущен на порту 5051
2026-01-28 21:40:25 [32minfo[39m: База пользователей подключена
2026-01-28 21:40:25 [32minfo[39m: Таблицы пользователей синхронизированы { alter: false } (dev)
2026-01-28 21:40:25 [32minfo[39m: База геоданных подключена
2026-01-28 21:40:25 [32minfo[39m: Подключение ко всем базам данных успешно выполнено
2026-01-28 21:40:25 [32minfo[39m: Сервер запущен на порту 5051
2026-01-28 21:40:26 [32minfo[39m: База пользователей подключена
2026-01-28 21:40:26 [32minfo[39m: Таблицы пользователей синхронизированы { alter: false } (dev)
2026-01-28 21:40:27 [32minfo[39m: База геоданных подключена
2026-01-28 21:40:27 [32minfo[39m: Подключение ко всем базам данных успешно выполнено
2026-01-28 21:40:27 [32minfo[39m: Сервер запущен на порту 5051
2026-01-28 21:40:27 [32minfo[39m: База пользователей подключена
2026-01-28 21:40:27 [32minfo[39m: Таблицы пользователей синхронизированы { alter: false } (dev)
2026-01-28 21:40:27 [32minfo[39m: База геоданных подключена
2026-01-28 21:40:27 [32minfo[39m: Подключение ко всем базам данных успешно выполнено
2026-01-28 21:40:27 [32minfo[39m: Сервер запущен на порту 5051
2026-01-28 21:40:41 [32minfo[39m: База пользователей подключена
2026-01-28 21:40:41 [32minfo[39m: Таблицы пользователей синхронизированы { alter: false } (dev)
2026-01-28 21:40:41 [32minfo[39m: База геоданных подключена
2026-01-28 21:40:41 [32minfo[39m: Подключение ко всем базам данных успешно выполнено
2026-01-28 21:40:41 [32minfo[39m: Сервер запущен на порту 5051
2026-01-28 21:40:43 [32minfo[39m: База пользователей подключена
2026-01-28 21:40:43 [32minfo[39m: Таблицы пользователей синхронизированы { alter: false } (dev)
2026-01-28 21:40:44 [32minfo[39m: База геоданных подключена
2026-01-28 21:40:44 [32minfo[39m: Подключение ко всем базам данных успешно выполнено
2026-01-28 21:40:44 [32minfo[39m: Сервер запущен на порту 5051
2026-01-28 21:40:52 [32minfo[39m: База пользователей подключена
2026-01-28 21:40:52 [32minfo[39m: Таблицы пользователей синхронизированы { alter: false } (dev)
2026-01-28 21:40:53 [32minfo[39m: База геоданных подключена
2026-01-28 21:40:53 [32minfo[39m: Подключение ко всем базам данных успешно выполнено
2026-01-28 21:40:53 [32minfo[39m: Сервер запущен на порту 5051
2026-01-28 21:40:54 [32minfo[39m: База пользователей подключена
2026-01-28 21:40:54 [32minfo[39m: Таблицы пользователей синхронизированы { alter: false } (dev)
2026-01-28 21:40:54 [32minfo[39m: База геоданных подключена
2026-01-28 21:40:54 [32minfo[39m: Подключение ко всем базам данных успешно выполнено
2026-01-28 21:40:54 [32minfo[39m: Сервер запущен на порту 5051
2026-01-28 21:40:55 [32minfo[39m: База пользователей подключена
2026-01-28 21:40:55 [32minfo[39m: Таблицы пользователей синхронизированы { alter: false } (dev)
2026-01-28 21:40:56 [32minfo[39m: База геоданных подключена
2026-01-28 21:40:56 [32minfo[39m: Подключение ко всем базам данных успешно выполнено
2026-01-28 21:40:56 [32minfo[39m: Сервер запущен на порту 5051
2026-01-28 21:40:57 [32minfo[39m: База пользователей подключена
2026-01-28 21:40:57 [32minfo[39m: Таблицы пользователей синхронизированы { alter: false } (dev)
2026-01-28 21:40:58 [32minfo[39m: База геоданных подключена
2026-01-28 21:40:58 [32minfo[39m: Подключение ко всем базам данных успешно выполнено
2026-01-28 21:40:58 [32minfo[39m: Сервер запущен на порту 5051
2026-01-28 21:41:00 [32minfo[39m: База пользователей подключена
2026-01-28 21:41:00 [32minfo[39m: Таблицы пользователей синхронизированы { alter: false } (dev)
2026-01-28 21:41:00 [32minfo[39m: База геоданных подключена
2026-01-28 21:41:00 [32minfo[39m: Подключение ко всем базам данных успешно выполнено
2026-01-28 21:41:00 [32minfo[39m: Сервер запущен на порту 5051
2026-01-28 21:41:06 [32minfo[39m: База пользователей подключена
2026-01-28 21:41:06 [32minfo[39m: Таблицы пользователей синхронизированы { alter: false } (dev)
2026-01-28 21:41:06 [32minfo[39m: База геоданных подключена
2026-01-28 21:41:06 [32minfo[39m: Подключение ко всем базам данных успешно выполнено
2026-01-28 21:41:06 [32minfo[39m: Сервер запущен на порту 5051
2026-01-28 21:41:12 [32minfo[39m: База пользователей подключена
2026-01-28 21:41:12 [32minfo[39m: Таблицы пользователей синхронизированы { alter: false } (dev)
2026-01-28 21:41:13 [32minfo[39m: База геоданных подключена
2026-01-28 21:41:13 [32minfo[39m: Подключение ко всем базам данных успешно выполнено
2026-01-28 21:41:13 [32minfo[39m: Сервер запущен на порту 5051
2026-01-28 21:41:23 [32minfo[39m: База пользователей подключена
2026-01-28 21:41:23 [32minfo[39m: Таблицы пользователей синхронизированы { alter: false } (dev)
2026-01-28 21:41:23 [32minfo[39m: База геоданных подключена
2026-01-28 21:41:23 [32minfo[39m: Подключение ко всем базам данных успешно выполнено
2026-01-28 21:41:23 [32minfo[39m: Сервер запущен на порту 5051
2026-01-28 21:41:35 [32minfo[39m: База пользователей подключена
2026-01-28 21:41:35 [32minfo[39m: Таблицы пользователей синхронизированы { alter: false } (dev)
2026-01-28 21:41:35 [32minfo[39m: База геоданных подключена
2026-01-28 21:41:35 [32minfo[39m: Подключение ко всем базам данных успешно выполнено
2026-01-28 21:41:35 [32minfo[39m: Сервер запущен на порту 5051
2026-01-28 21:41:37 [32minfo[39m: База пользователей подключена
2026-01-28 21:41:37 [32minfo[39m: Таблицы пользователей синхронизированы { alter: false } (dev)
2026-01-28 21:41:37 [32minfo[39m: База геоданных подключена
2026-01-28 21:41:37 [32minfo[39m: Подключение ко всем базам данных успешно выполнено
2026-01-28 21:41:37 [32minfo[39m: Сервер запущен на порту 5051
2026-01-28 21:41:40 [32minfo[39m: База пользователей подключена
2026-01-28 21:41:40 [32minfo[39m: Таблицы пользователей синхронизированы { alter: false } (dev)
2026-01-28 21:41:40 [32minfo[39m: База геоданных подключена
2026-01-28 21:41:40 [32minfo[39m: Подключение ко всем базам данных успешно выполнено
2026-01-28 21:41:40 [32minfo[39m: Сервер запущен на порту 5051
2026-01-28 21:41:43 [32minfo[39m: База пользователей подключена
2026-01-28 21:41:43 [32minfo[39m: Таблицы пользователей синхронизированы { alter: false } (dev)
2026-01-28 21:41:43 [32minfo[39m: База геоданных подключена
2026-01-28 21:41:43 [32minfo[39m: Подключение ко всем базам данных успешно выполнено
2026-01-28 21:41:43 [32minfo[39m: Сервер запущен на порту 5051
2026-01-28 21:41:46 [32minfo[39m: База пользователей подключена
2026-01-28 21:41:46 [32minfo[39m: Таблицы пользователей синхронизированы { alter: false } (dev)
2026-01-28 21:41:46 [32minfo[39m: База геоданных подключена
2026-01-28 21:41:46 [32minfo[39m: Подключение ко всем базам данных успешно выполнено
2026-01-28 21:41:46 [32minfo[39m: Сервер запущен на порту 5051
2026-01-28 21:41:48 [32minfo[39m: База пользователей подключена
2026-01-28 21:41:48 [32minfo[39m: Таблицы пользователей синхронизированы { alter: false } (dev)
2026-01-28 21:41:48 [32minfo[39m: База геоданных подключена
2026-01-28 21:41:48 [32minfo[39m: Подключение ко всем базам данных успешно выполнено
2026-01-28 21:41:48 [32minfo[39m: Сервер запущен на порту 5051
2026-01-28 21:41:58 [32minfo[39m: База пользователей подключена
2026-01-28 21:41:58 [32minfo[39m: Таблицы пользователей синхронизированы { alter: false } (dev)
2026-01-28 21:41:58 [32minfo[39m: База геоданных подключена
2026-01-28 21:41:58 [32minfo[39m: Подключение ко всем базам данных успешно выполнено
2026-01-28 21:41:58 [32minfo[39m: Сервер запущен на порту 5051
2026-01-28 21:42:14 [32minfo[39m: База пользователей подключена
2026-01-28 21:42:14 [32minfo[39m: Таблицы пользователей синхронизированы { alter: false } (dev)
2026-01-28 21:42:14 [32minfo[39m: База геоданных подключена
2026-01-28 21:42:14 [32minfo[39m: Подключение ко всем базам данных успешно выполнено
2026-01-28 21:42:14 [32minfo[39m: Сервер запущен на порту 5051
2026-01-28 21:42:21 [32minfo[39m: База пользователей подключена
2026-01-28 21:42:21 [32minfo[39m: Таблицы пользователей синхронизированы { alter: false } (dev)
2026-01-28 21:42:21 [32minfo[39m: База геоданных подключена
2026-01-28 21:42:21 [32minfo[39m: Подключение ко всем базам данных успешно выполнено
2026-01-28 21:42:21 [32minfo[39m: Сервер запущен на порту 5051
2026-01-28 21:42:28 [32minfo[39m: База пользователей подключена
2026-01-28 21:42:28 [32minfo[39m: Таблицы пользователей синхронизированы { alter: false } (dev)
2026-01-28 21:42:28 [32minfo[39m: База геоданных подключена
2026-01-28 21:42:28 [32minfo[39m: Подключение ко всем базам данных успешно выполнено
2026-01-28 21:42:28 [32minfo[39m: Сервер запущен на порту 5051
2026-01-28 21:42:31 [32minfo[39m: База пользователей подключена
2026-01-28 21:42:31 [32minfo[39m: Таблицы пользователей синхронизированы { alter: false } (dev)
2026-01-28 21:42:31 [32minfo[39m: База геоданных подключена
2026-01-28 21:42:31 [32minfo[39m: Подключение ко всем базам данных успешно выполнено
2026-01-28 21:42:31 [32minfo[39m: Сервер запущен на порту 5051
2026-01-28 21:42:40 [32minfo[39m: База пользователей подключена
2026-01-28 21:42:40 [32minfo[39m: Таблицы пользователей синхронизированы { alter: false } (dev)
2026-01-28 21:42:40 [32minfo[39m: База геоданных подключена
2026-01-28 21:42:40 [32minfo[39m: Подключение ко всем базам данных успешно выполнено
2026-01-28 21:42:40 [32minfo[39m: Сервер запущен на порту 5051
2026-01-28 21:42:41 [32minfo[39m: База пользователей подключена
2026-01-28 21:42:41 [32minfo[39m: Таблицы пользователей синхронизированы { alter: false } (dev)
2026-01-28 21:42:41 [32minfo[39m: База геоданных подключена
2026-01-28 21:42:41 [32minfo[39m: Подключение ко всем базам данных успешно выполнено
2026-01-28 21:42:41 [32minfo[39m: Сервер запущен на порту 5051
2026-01-28 21:42:44 [32minfo[39m: База пользователей подключена
2026-01-28 21:42:44 [32minfo[39m: Таблицы пользователей синхронизированы { alter: false } (dev)
2026-01-28 21:42:44 [32minfo[39m: База геоданных подключена
2026-01-28 21:42:44 [32minfo[39m: Подключение ко всем базам данных успешно выполнено
2026-01-28 21:42:44 [32minfo[39m: Сервер запущен на порту 5051
2026-01-28 21:42:48 [32minfo[39m: База пользователей подключена
2026-01-28 21:42:48 [32minfo[39m: Таблицы пользователей синхронизированы { alter: false } (dev)
2026-01-28 21:42:48 [32minfo[39m: База геоданных подключена
2026-01-28 21:42:48 [32minfo[39m: Подключение ко всем базам данных успешно выполнено
2026-01-28 21:42:48 [32minfo[39m: Сервер запущен на порту 5051
2026-01-28 21:42:50 [32minfo[39m: База пользователей подключена
2026-01-28 21:42:50 [32minfo[39m: Таблицы пользователей синхронизированы { alter: false } (dev)
2026-01-28 21:42:50 [32minfo[39m: База геоданных подключена
2026-01-28 21:42:50 [32minfo[39m: Подключение ко всем базам данных успешно выполнено
2026-01-28 21:42:50 [32minfo[39m: Сервер запущен на порту 5051
2026-01-28 21:42:56 [32minfo[39m: База пользователей подключена
2026-01-28 21:42:56 [32minfo[39m: Таблицы пользователей синхронизированы { alter: false } (dev)
2026-01-28 21:42:56 [32minfo[39m: База геоданных подключена
2026-01-28 21:42:56 [32minfo[39m: Подключение ко всем базам данных успешно выполнено
2026-01-28 21:42:56 [32minfo[39m: Сервер запущен на порту 5051
2026-01-28 21:43:03 [32minfo[39m: База пользователей подключена
2026-01-28 21:43:03 [32minfo[39m: Таблицы пользователей синхронизированы { alter: false } (dev)
2026-01-28 21:43:03 [32minfo[39m: База геоданных подключена
2026-01-28 21:43:03 [32minfo[39m: Подключение ко всем базам данных успешно выполнено
2026-01-28 21:43:03 [32minfo[39m: Сервер запущен на порту 5051
2026-01-28 21:43:04 [32minfo[39m: База пользователей подключена
2026-01-28 21:43:04 [32minfo[39m: Таблицы пользователей синхронизированы { alter: false } (dev)
2026-01-28 21:43:04 [32minfo[39m: База геоданных подключена
2026-01-28 21:43:04 [32minfo[39m: Подключение ко всем базам данных успешно выполнено
2026-01-28 21:43:04 [32minfo[39m: Сервер запущен на порту 5051
2026-01-28 21:43:06 [32minfo[39m: База пользователей подключена
2026-01-28 21:43:06 [32minfo[39m: Таблицы пользователей синхронизированы { alter: false } (dev)
2026-01-28 21:43:06 [32minfo[39m: База геоданных подключена
2026-01-28 21:43:06 [32minfo[39m: Подключение ко всем базам данных успешно выполнено
2026-01-28 21:43:06 [32minfo[39m: Сервер запущен на порту 5051
2026-01-28 21:43:08 [32minfo[39m: База пользователей подключена
2026-01-28 21:43:08 [32minfo[39m: Таблицы пользователей синхронизированы { alter: false } (dev)
2026-01-28 21:43:08 [32minfo[39m: База геоданных подключена
2026-01-28 21:43:08 [32minfo[39m: Подключение ко всем базам данных успешно выполнено
2026-01-28 21:43:08 [32minfo[39m: Сервер запущен на порту 5051
2026-01-28 21:43:29 [32minfo[39m: База пользователей подключена
2026-01-28 21:43:29 [32minfo[39m: Таблицы пользователей синхронизированы { alter: false } (dev)
2026-01-28 21:43:29 [32minfo[39m: База геоданных подключена
2026-01-28 21:43:29 [32minfo[39m: Подключение ко всем базам данных успешно выполнено
2026-01-28 21:43:29 [32minfo[39m: Сервер запущен на порту 5051
2026-01-28 21:43:30 [32minfo[39m: База пользователей подключена
2026-01-28 21:43:30 [32minfo[39m: Таблицы пользователей синхронизированы { alter: false } (dev)
2026-01-28 21:43:30 [32minfo[39m: База геоданных подключена
2026-01-28 21:43:30 [32minfo[39m: Подключение ко всем базам данных успешно выполнено
2026-01-28 21:43:30 [32minfo[39m: Сервер запущен на порту 5051
2026-01-28 21:43:34 [32minfo[39m: База пользователей подключена
2026-01-28 21:43:34 [32minfo[39m: Таблицы пользователей синхронизированы { alter: false } (dev)
2026-01-28 21:43:34 [32minfo[39m: База геоданных подключена
2026-01-28 21:43:34 [32minfo[39m: Подключение ко всем базам данных успешно выполнено
2026-01-28 21:43:34 [32minfo[39m: Сервер запущен на порту 5051
2026-01-28 21:43:36 [32minfo[39m: База пользователей подключена
2026-01-28 21:43:36 [32minfo[39m: Таблицы пользователей синхронизированы { alter: false } (dev)
2026-01-28 21:43:37 [32minfo[39m: База геоданных подключена
2026-01-28 21:43:37 [32minfo[39m: Подключение ко всем базам данных успешно выполнено
2026-01-28 21:43:37 [32minfo[39m: Сервер запущен на порту 5051
2026-01-28 21:43:37 [32minfo[39m: База пользователей подключена
2026-01-28 21:43:37 [32minfo[39m: Таблицы пользователей синхронизированы { alter: false } (dev)
2026-01-28 21:43:38 [32minfo[39m: База геоданных подключена
2026-01-28 21:43:38 [32minfo[39m: Подключение ко всем базам данных успешно выполнено
2026-01-28 21:43:38 [32minfo[39m: Сервер запущен на порту 5051
2026-01-28 21:43:41 [32minfo[39m: База пользователей подключена
2026-01-28 21:43:41 [32minfo[39m: Таблицы пользователей синхронизированы { alter: false } (dev)
2026-01-28 21:43:41 [32minfo[39m: База геоданных подключена
2026-01-28 21:43:41 [32minfo[39m: Подключение ко всем базам данных успешно выполнено
2026-01-28 21:43:41 [32minfo[39m: Сервер запущен на порту 5051
2026-01-28 21:43:44 [32minfo[39m: База пользователей подключена
2026-01-28 21:43:44 [32minfo[39m: Таблицы пользователей синхронизированы { alter: false } (dev)
2026-01-28 21:43:44 [32minfo[39m: База геоданных подключена
2026-01-28 21:43:44 [32minfo[39m: Подключение ко всем базам данных успешно выполнено
2026-01-28 21:43:44 [32minfo[39m: Сервер запущен на порту 5051
2026-01-28 21:43:50 [32minfo[39m: База пользователей подключена
2026-01-28 21:43:50 [32minfo[39m: Таблицы пользователей синхронизированы { alter: false } (dev)
2026-01-28 21:43:50 [32minfo[39m: База геоданных подключена
2026-01-28 21:43:50 [32minfo[39m: Подключение ко всем базам данных успешно выполнено
2026-01-28 21:43:50 [32minfo[39m: Сервер запущен на порту 5051
2026-01-28 21:43:50 [32minfo[39m: База пользователей подключена
2026-01-28 21:43:50 [32minfo[39m: Таблицы пользователей синхронизированы { alter: false } (dev)
2026-01-28 21:43:50 [32minfo[39m: База геоданных подключена
2026-01-28 21:43:50 [32minfo[39m: Подключение ко всем базам данных успешно выполнено
2026-01-28 21:43:50 [32minfo[39m: Сервер запущен на порту 5051
2026-01-28 21:44:01 [32minfo[39m: База пользователей подключена
2026-01-28 21:44:01 [32minfo[39m: Таблицы пользователей синхронизированы { alter: false } (dev)
2026-01-28 21:44:02 [32minfo[39m: База геоданных подключена
2026-01-28 21:44:02 [32minfo[39m: Подключение ко всем базам данных успешно выполнено
2026-01-28 21:44:02 [32minfo[39m: Сервер запущен на порту 5051
2026-01-28 21:44:05 [32minfo[39m: База пользователей подключена
2026-01-28 21:44:05 [32minfo[39m: Таблицы пользователей синхронизированы { alter: false } (dev)
2026-01-28 21:44:05 [32minfo[39m: База геоданных подключена
2026-01-28 21:44:05 [32minfo[39m: Подключение ко всем базам данных успешно выполнено
2026-01-28 21:44:05 [32minfo[39m: Сервер запущен на порту 5051
2026-01-28 21:44:07 [32minfo[39m: База пользователей подключена
2026-01-28 21:44:07 [32minfo[39m: Таблицы пользователей синхронизированы { alter: false } (dev)
2026-01-28 21:44:07 [32minfo[39m: База геоданных подключена
2026-01-28 21:44:07 [32minfo[39m: Подключение ко всем базам данных успешно выполнено
2026-01-28 21:44:07 [32minfo[39m: Сервер запущен на порту 5051
2026-01-28 21:44:17 [32minfo[39m: База пользователей подключена
2026-01-28 21:44:17 [32minfo[39m: Таблицы пользователей синхронизированы { alter: false } (dev)
2026-01-28 21:44:17 [32minfo[39m: База геоданных подключена
2026-01-28 21:44:17 [32minfo[39m: Подключение ко всем базам данных успешно выполнено
2026-01-28 21:44:17 [32minfo[39m: Сервер запущен на порту 5051
2026-01-28 21:44:17 [32minfo[39m: База пользователей подключена
2026-01-28 21:44:17 [32minfo[39m: Таблицы пользователей синхронизированы { alter: false } (dev)
2026-01-28 21:44:18 [32minfo[39m: База геоданных подключена
2026-01-28 21:44:18 [32minfo[39m: Подключение ко всем базам данных успешно выполнено
2026-01-28 21:44:18 [32minfo[39m: Сервер запущен на порту 5051
2026-01-28 21:44:22 [32minfo[39m: База пользователей подключена
2026-01-28 21:44:22 [32minfo[39m: Таблицы пользователей синхронизированы { alter: false } (dev)
2026-01-28 21:44:22 [32minfo[39m: База геоданных подключена
2026-01-28 21:44:22 [32minfo[39m: Подключение ко всем базам данных успешно выполнено
2026-01-28 21:44:22 [32minfo[39m: Сервер запущен на порту 5051
2026-01-28 21:44:26 [32minfo[39m: База пользователей подключена
2026-01-28 21:44:26 [32minfo[39m: Таблицы пользователей синхронизированы { alter: false } (dev)
2026-01-28 21:44:26 [32minfo[39m: База геоданных подключена
2026-01-28 21:44:26 [32minfo[39m: Подключение ко всем базам данных успешно выполнено
2026-01-28 21:44:26 [32minfo[39m: Сервер запущен на порту 5051
2026-01-28 21:44:27 [32minfo[39m: База пользователей подключена
2026-01-28 21:44:27 [32minfo[39m: Таблицы пользователей синхронизированы { alter: false } (dev)
2026-01-28 21:44:27 [32minfo[39m: База геоданных подключена
2026-01-28 21:44:27 [32minfo[39m: Подключение ко всем базам данных успешно выполнено
2026-01-28 21:44:27 [32minfo[39m: Сервер запущен на порту 5051
2026-01-28 21:44:32 [32minfo[39m: База пользователей подключена
2026-01-28 21:44:32 [32minfo[39m: Таблицы пользователей синхронизированы { alter: false } (dev)
2026-01-28 21:44:32 [32minfo[39m: База геоданных подключена
2026-01-28 21:44:32 [32minfo[39m: Подключение ко всем базам данных успешно выполнено
2026-01-28 21:44:32 [32minfo[39m: Сервер запущен на порту 5051
2026-01-28 21:44:33 [32minfo[39m: База пользователей подключена
2026-01-28 21:44:33 [32minfo[39m: Таблицы пользователей синхронизированы { alter: false } (dev)
2026-01-28 21:44:33 [32minfo[39m: База геоданных подключена
2026-01-28 21:44:33 [32minfo[39m: Подключение ко всем базам данных успешно выполнено
2026-01-28 21:44:33 [32minfo[39m: Сервер запущен на порту 5051
2026-01-28 21:44:37 [32minfo[39m: База пользователей подключена
2026-01-28 21:44:37 [32minfo[39m: Таблицы пользователей синхронизированы { alter: false } (dev)
2026-01-28 21:44:37 [32minfo[39m: База геоданных подключена
2026-01-28 21:44:37 [32minfo[39m: Подключение ко всем базам данных успешно выполнено
2026-01-28 21:44:37 [32minfo[39m: Сервер запущен на порту 5051
2026-01-28 21:44:41 [32minfo[39m: База пользователей подключена
2026-01-28 21:44:41 [32minfo[39m: Таблицы пользователей синхронизированы { alter: false } (dev)
2026-01-28 21:44:41 [32minfo[39m: База геоданных подключена
2026-01-28 21:44:41 [32minfo[39m: Подключение ко всем базам данных успешно выполнено
2026-01-28 21:44:41 [32minfo[39m: Сервер запущен на порту 5051
2026-01-28 21:44:47 [32minfo[39m: База пользователей подключена
2026-01-28 21:44:47 [32minfo[39m: Таблицы пользователей синхронизированы { alter: false } (dev)
2026-01-28 21:44:47 [32minfo[39m: База геоданных подключена
2026-01-28 21:44:47 [32minfo[39m: Подключение ко всем базам данных успешно выполнено
2026-01-28 21:44:47 [32minfo[39m: Сервер запущен на порту 5051
2026-01-28 21:44:50 [32minfo[39m: База пользователей подключена
2026-01-28 21:44:50 [32minfo[39m: Таблицы пользователей синхронизированы { alter: false } (dev)
2026-01-28 21:44:50 [32minfo[39m: База геоданных подключена
2026-01-28 21:44:50 [32minfo[39m: Подключение ко всем базам данных успешно выполнено
2026-01-28 21:44:50 [32minfo[39m: Сервер запущен на порту 5051
2026-01-28 21:45:06 [32minfo[39m: База пользователей подключена
2026-01-28 21:45:06 [32minfo[39m: Таблицы пользователей синхронизированы { alter: false } (dev)
2026-01-28 21:45:06 [32minfo[39m: База геоданных подключена
2026-01-28 21:45:06 [32minfo[39m: Подключение ко всем базам данных успешно выполнено
2026-01-28 21:45:06 [32minfo[39m: Сервер запущен на порту 5051
2026-01-28 21:45:10 [32minfo[39m: База пользователей подключена
2026-01-28 21:45:10 [32minfo[39m: Таблицы пользователей синхронизированы { alter: false } (dev)
2026-01-28 21:45:10 [32minfo[39m: База геоданных подключена
2026-01-28 21:45:10 [32minfo[39m: Подключение ко всем базам данных успешно выполнено
2026-01-28 21:45:10 [32minfo[39m: Сервер запущен на порту 5051
2026-01-28 21:45:14 [32minfo[39m: База пользователей подключена
2026-01-28 21:45:14 [32minfo[39m: Таблицы пользователей синхронизированы { alter: false } (dev)
2026-01-28 21:45:14 [32minfo[39m: База геоданных подключена
2026-01-28 21:45:14 [32minfo[39m: Подключение ко всем базам данных успешно выполнено
2026-01-28 21:45:14 [32minfo[39m: Сервер запущен на порту 5051
2026-01-28 21:45:19 [32minfo[39m: База пользователей подключена
2026-01-28 21:45:19 [32minfo[39m: Таблицы пользователей синхронизированы { alter: false } (dev)
2026-01-28 21:45:19 [32minfo[39m: База геоданных подключена
2026-01-28 21:45:19 [32minfo[39m: Подключение ко всем базам данных успешно выполнено
2026-01-28 21:45:19 [32minfo[39m: Сервер запущен на порту 5051
2026-01-28 21:45:22 [32minfo[39m: База пользователей подключена
2026-01-28 21:45:22 [32minfo[39m: Таблицы пользователей синхронизированы { alter: false } (dev)
2026-01-28 21:45:22 [32minfo[39m: База геоданных подключена
2026-01-28 21:45:22 [32minfo[39m: Подключение ко всем базам данных успешно выполнено
2026-01-28 21:45:22 [32minfo[39m: Сервер запущен на порту 5051
2026-01-28 21:45:37 [32minfo[39m: База пользователей подключена
2026-01-28 21:45:37 [32minfo[39m: Таблицы пользователей синхронизированы { alter: false } (dev)
2026-01-28 21:45:37 [32minfo[39m: База геоданных подключена
2026-01-28 21:45:37 [32minfo[39m: Подключение ко всем базам данных успешно выполнено
2026-01-28 21:45:37 [32minfo[39m: Сервер запущен на порту 5051
2026-01-28 21:45:38 [32minfo[39m: База пользователей подключена
2026-01-28 21:45:38 [32minfo[39m: Таблицы пользователей синхронизированы { alter: false } (dev)
2026-01-28 21:45:38 [32minfo[39m: База геоданных подключена
2026-01-28 21:45:38 [32minfo[39m: Подключение ко всем базам данных успешно выполнено
2026-01-28 21:45:38 [32minfo[39m: Сервер запущен на порту 5051
2026-01-28 21:45:42 [32minfo[39m: База пользователей подключена
2026-01-28 21:45:42 [32minfo[39m: Таблицы пользователей синхронизированы { alter: false } (dev)
2026-01-28 21:45:42 [32minfo[39m: База геоданных подключена
2026-01-28 21:45:42 [32minfo[39m: Подключение ко всем базам данных успешно выполнено
2026-01-28 21:45:42 [32minfo[39m: Сервер запущен на порту 5051
2026-01-28 21:45:44 [32minfo[39m: База пользователей подключена
2026-01-28 21:45:44 [32minfo[39m: Таблицы пользователей синхронизированы { alter: false } (dev)
2026-01-28 21:45:44 [32minfo[39m: База геоданных подключена
2026-01-28 21:45:44 [32minfo[39m: Подключение ко всем базам данных успешно выполнено
2026-01-28 21:45:44 [32minfo[39m: Сервер запущен на порту 5051
2026-01-28 21:45:50 [32minfo[39m: База пользователей подключена
2026-01-28 21:45:50 [32minfo[39m: Таблицы пользователей синхронизированы { alter: false } (dev)
2026-01-28 21:45:50 [32minfo[39m: База геоданных подключена
2026-01-28 21:45:50 [32minfo[39m: Подключение ко всем базам данных успешно выполнено
2026-01-28 21:45:50 [32minfo[39m: Сервер запущен на порту 5051
2026-01-28 21:45:51 [32minfo[39m: База пользователей подключена
2026-01-28 21:45:51 [32minfo[39m: Таблицы пользователей синхронизированы { alter: false } (dev)
2026-01-28 21:45:51 [32minfo[39m: База геоданных подключена
2026-01-28 21:45:51 [32minfo[39m: Подключение ко всем базам данных успешно выполнено
2026-01-28 21:45:51 [32minfo[39m: Сервер запущен на порту 5051
2026-01-28 21:45:54 [32minfo[39m: База пользователей подключена
2026-01-28 21:45:54 [32minfo[39m: Таблицы пользователей синхронизированы { alter: false } (dev)
2026-01-28 21:45:54 [32minfo[39m: База геоданных подключена
2026-01-28 21:45:54 [32minfo[39m: Подключение ко всем базам данных успешно выполнено
2026-01-28 21:45:54 [32minfo[39m: Сервер запущен на порту 5051
2026-01-28 21:46:01 [32minfo[39m: База пользователей подключена
2026-01-28 21:46:01 [32minfo[39m: Таблицы пользователей синхронизированы { alter: false } (dev)
2026-01-28 21:46:01 [32minfo[39m: База геоданных подключена
2026-01-28 21:46:01 [32minfo[39m: Подключение ко всем базам данных успешно выполнено
2026-01-28 21:46:01 [32minfo[39m: Сервер запущен на порту 5051
2026-01-28 21:46:03 [32minfo[39m: База пользователей подключена
2026-01-28 21:46:03 [32minfo[39m: Таблицы пользователей синхронизированы { alter: false } (dev)
2026-01-28 21:46:03 [32minfo[39m: База геоданных подключена
2026-01-28 21:46:03 [32minfo[39m: Подключение ко всем базам данных успешно выполнено
2026-01-28 21:46:03 [32minfo[39m: Сервер запущен на порту 5051
2026-01-28 21:46:05 [32minfo[39m: База пользователей подключена
2026-01-28 21:46:05 [32minfo[39m: Таблицы пользователей синхронизированы { alter: false } (dev)
2026-01-28 21:46:05 [32minfo[39m: База геоданных подключена
2026-01-28 21:46:05 [32minfo[39m: Подключение ко всем базам данных успешно выполнено
2026-01-28 21:46:05 [32minfo[39m: Сервер запущен на порту 5051
2026-01-28 21:46:13 [32minfo[39m: База пользователей подключена
2026-01-28 21:46:13 [32minfo[39m: Таблицы пользователей синхронизированы { alter: false } (dev)
2026-01-28 21:46:13 [32minfo[39m: База геоданных подключена
2026-01-28 21:46:13 [32minfo[39m: Подключение ко всем базам данных успешно выполнено
2026-01-28 21:46:13 [32minfo[39m: Сервер запущен на порту 5051
2026-01-28 23:03:58 [32minfo[39m: База пользователей подключена
2026-01-28 23:03:58 [32minfo[39m: Таблицы пользователей синхронизированы { alter: false } (dev)
2026-01-28 23:03:58 [32minfo[39m: База геоданных подключена
2026-01-28 23:03:58 [32minfo[39m: Подключение ко всем базам данных успешно выполнено
2026-01-28 23:03:58 [32minfo[39m: Сервер запущен на порту 5051
2026-01-28 23:04:26 [32minfo[39m: База пользователей подключена
2026-01-28 23:04:26 [32minfo[39m: Таблицы пользователей синхронизированы { alter: false } (dev)
2026-01-28 23:04:26 [32minfo[39m: База геоданных подключена
2026-01-28 23:04:26 [32minfo[39m: Подключение ко всем базам данных успешно выполнено
2026-01-28 23:04:26 [32minfo[39m: Сервер запущен на порту 5051
2026-01-28 23:04:28 [32minfo[39m: База пользователей подключена
2026-01-28 23:04:28 [32minfo[39m: Таблицы пользователей синхронизированы { alter: false } (dev)
2026-01-28 23:04:29 [32minfo[39m: База геоданных подключена
2026-01-28 23:04:29 [32minfo[39m: Подключение ко всем базам данных успешно выполнено
2026-01-28 23:04:29 [32minfo[39m: Сервер запущен на порту 5051
2026-01-28 23:04:35 [32minfo[39m: База пользователей подключена
2026-01-28 23:04:35 [32minfo[39m: Таблицы пользователей синхронизированы { alter: false } (dev)
2026-01-28 23:04:35 [32minfo[39m: База геоданных подключена
2026-01-28 23:04:35 [32minfo[39m: Подключение ко всем базам данных успешно выполнено
2026-01-28 23:04:35 [32minfo[39m: Сервер запущен на порту 5051
2026-01-28 23:04:39 [32minfo[39m: База пользователей подключена
2026-01-28 23:04:39 [32minfo[39m: Таблицы пользователей синхронизированы { alter: false } (dev)
2026-01-28 23:04:39 [32minfo[39m: База геоданных подключена
2026-01-28 23:04:39 [32minfo[39m: Подключение ко всем базам данных успешно выполнено
2026-01-28 23:04:39 [32minfo[39m: Сервер запущен на порту 5051
2026-01-28 23:04:42 [32minfo[39m: База пользователей подключена
2026-01-28 23:04:42 [32minfo[39m: Таблицы пользователей синхронизированы { alter: false } (dev)
2026-01-28 23:04:42 [32minfo[39m: База геоданных подключена
2026-01-28 23:04:42 [32minfo[39m: Подключение ко всем базам данных успешно выполнено
2026-01-28 23:04:42 [32minfo[39m: Сервер запущен на порту 5051
2026-01-28 23:04:47 [32minfo[39m: База пользователей подключена
2026-01-28 23:04:47 [32minfo[39m: Таблицы пользователей синхронизированы { alter: false } (dev)
2026-01-28 23:04:48 [32minfo[39m: База геоданных подключена
2026-01-28 23:04:48 [32minfo[39m: Подключение ко всем базам данных успешно выполнено
2026-01-28 23:04:48 [32minfo[39m: Сервер запущен на порту 5051
2026-01-28 23:04:49 [32minfo[39m: База пользователей подключена
2026-01-28 23:04:49 [32minfo[39m: Таблицы пользователей синхронизированы { alter: false } (dev)
2026-01-28 23:04:49 [32minfo[39m: База геоданных подключена
2026-01-28 23:04:49 [32minfo[39m: Подключение ко всем базам данных успешно выполнено
2026-01-28 23:04:49 [32minfo[39m: Сервер запущен на порту 5051
2026-01-28 23:05:01 [32minfo[39m: База пользователей подключена
2026-01-28 23:05:01 [32minfo[39m: Таблицы пользователей синхронизированы { alter: false } (dev)
2026-01-28 23:05:01 [32minfo[39m: База геоданных подключена
2026-01-28 23:05:01 [32minfo[39m: Подключение ко всем базам данных успешно выполнено
2026-01-28 23:05:01 [32minfo[39m: Сервер запущен на порту 5051
2026-01-28 23:05:04 [32minfo[39m: База пользователей подключена
2026-01-28 23:05:04 [32minfo[39m: Таблицы пользователей синхронизированы { alter: false } (dev)
2026-01-28 23:05:04 [32minfo[39m: База геоданных подключена
2026-01-28 23:05:04 [32minfo[39m: Подключение ко всем базам данных успешно выполнено
2026-01-28 23:05:04 [32minfo[39m: Сервер запущен на порту 5051
2026-01-28 23:07:36 [32minfo[39m: База пользователей подключена
2026-01-28 23:07:36 [32minfo[39m: Таблицы пользователей синхронизированы { alter: false } (dev)
2026-01-28 23:07:36 [32minfo[39m: База геоданных подключена
2026-01-28 23:07:36 [32minfo[39m: Подключение ко всем базам данных успешно выполнено
2026-01-28 23:07:36 [32minfo[39m: Сервер запущен на порту 5051
2026-01-28 23:08:53 [32minfo[39m: База пользователей подключена
2026-01-28 23:08:53 [32minfo[39m: Таблицы пользователей синхронизированы { alter: false } (dev)
2026-01-28 23:08:53 [32minfo[39m: База геоданных подключена
2026-01-28 23:08:53 [32minfo[39m: Подключение ко всем базам данных успешно выполнено
2026-01-28 23:08:53 [32minfo[39m: Сервер запущен на порту 5051
2026-01-28 23:09:57 [32minfo[39m: База пользователей подключена
2026-01-28 23:09:57 [32minfo[39m: Таблицы пользователей синхронизированы { alter: false } (dev)
2026-01-28 23:09:57 [32minfo[39m: База геоданных подключена
2026-01-28 23:09:57 [32minfo[39m: Подключение ко всем базам данных успешно выполнено
2026-01-28 23:09:57 [32minfo[39m: Сервер запущен на порту 5051
2026-01-28 23:10:00 [32minfo[39m: База пользователей подключена
2026-01-28 23:10:00 [32minfo[39m: Таблицы пользователей синхронизированы { alter: false } (dev)
2026-01-28 23:10:00 [32minfo[39m: База геоданных подключена
2026-01-28 23:10:00 [32minfo[39m: Подключение ко всем базам данных успешно выполнено
2026-01-28 23:10:00 [32minfo[39m: Сервер запущен на порту 5051
2026-01-28 23:10:22 [32minfo[39m: База пользователей подключена
2026-01-28 23:10:22 [32minfo[39m: Таблицы пользователей синхронизированы { alter: false } (dev)
2026-01-28 23:10:22 [32minfo[39m: База геоданных подключена
2026-01-28 23:10:22 [32minfo[39m: Подключение ко всем базам данных успешно выполнено
2026-01-28 23:10:22 [32minfo[39m: Сервер запущен на порту 5051
2026-01-28 23:10:25 [32minfo[39m: База пользователей подключена
2026-01-28 23:10:25 [32minfo[39m: Таблицы пользователей синхронизированы { alter: false } (dev)
2026-01-28 23:10:25 [32minfo[39m: База геоданных подключена
2026-01-28 23:10:25 [32minfo[39m: Подключение ко всем базам данных успешно выполнено
2026-01-28 23:10:25 [32minfo[39m: Сервер запущен на порту 5051
2026-01-28 23:10:37 [32minfo[39m: База пользователей подключена
2026-01-28 23:10:37 [32minfo[39m: Таблицы пользователей синхронизированы { alter: false } (dev)
2026-01-28 23:10:37 [32minfo[39m: База геоданных подключена
2026-01-28 23:10:37 [32minfo[39m: Подключение ко всем базам данных успешно выполнено
2026-01-28 23:10:37 [32minfo[39m: Сервер запущен на порту 5051
2026-01-28 23:14:09 [32minfo[39m: База пользователей подключена
2026-01-28 23:14:09 [32minfo[39m: Таблицы пользователей синхронизированы { alter: false } (dev)
2026-01-28 23:14:09 [32minfo[39m: База геоданных подключена
2026-01-28 23:14:09 [32minfo[39m: Подключение ко всем базам данных успешно выполнено
2026-01-28 23:14:09 [32minfo[39m: Сервер запущен на порту 5051
2026-01-28 23:14:53 [32minfo[39m: База пользователей подключена
2026-01-28 23:14:53 [32minfo[39m: Таблицы пользователей синхронизированы { alter: false } (dev)
2026-01-28 23:14:53 [32minfo[39m: База геоданных подключена
2026-01-28 23:14:53 [32minfo[39m: Подключение ко всем базам данных успешно выполнено
2026-01-28 23:14:53 [32minfo[39m: Сервер запущен на порту 5051
2026-01-28 23:14:55 [32minfo[39m: База пользователей подключена
2026-01-28 23:14:55 [32minfo[39m: Таблицы пользователей синхронизированы { alter: false } (dev)
2026-01-28 23:14:55 [32minfo[39m: База геоданных подключена
2026-01-28 23:14:55 [32minfo[39m: Подключение ко всем базам данных успешно выполнено
2026-01-28 23:14:55 [32minfo[39m: Сервер запущен на порту 5051
2026-01-28 23:15:36 [32minfo[39m: База пользователей подключена
2026-01-28 23:15:36 [32minfo[39m: Таблицы пользователей синхронизированы { alter: false } (dev)
2026-01-28 23:15:36 [32minfo[39m: База геоданных подключена
2026-01-28 23:15:36 [32minfo[39m: Подключение ко всем базам данных успешно выполнено
2026-01-28 23:15:36 [32minfo[39m: Сервер запущен на порту 5051
2026-01-28 23:15:38 [32minfo[39m: База пользователей подключена
2026-01-28 23:15:38 [32minfo[39m: Таблицы пользователей синхронизированы { alter: false } (dev)
2026-01-28 23:15:38 [32minfo[39m: База геоданных подключена
2026-01-28 23:15:38 [32minfo[39m: Подключение ко всем базам данных успешно выполнено
2026-01-28 23:15:38 [32minfo[39m: Сервер запущен на порту 5051
2026-01-28 23:15:42 [32minfo[39m: База пользователей подключена
2026-01-28 23:15:42 [32minfo[39m: Таблицы пользователей синхронизированы { alter: false } (dev)
2026-01-28 23:15:42 [32minfo[39m: База геоданных подключена
2026-01-28 23:15:42 [32minfo[39m: Подключение ко всем базам данных успешно выполнено
2026-01-28 23:15:42 [32minfo[39m: Сервер запущен на порту 5051
2026-01-28 23:20:18 [31merror[39m: Подключение к базе геоданных не удалось:
2026-01-28 23:20:23 [32minfo[39m: База пользователей подключена
2026-01-28 23:20:23 [32minfo[39m: Таблицы пользователей синхронизированы { alter: false } (dev)
2026-01-28 23:20:23 [32minfo[39m: База геоданных подключена
2026-01-28 23:20:23 [32minfo[39m: Подключение ко всем базам данных успешно выполнено
2026-01-28 23:20:23 [32minfo[39m: Сервер запущен на порту 5051
2026-01-28 23:22:11 [32minfo[39m: База пользователей подключена
2026-01-28 23:22:11 [32minfo[39m: Таблицы пользователей синхронизированы { alter: false } (dev)
2026-01-28 23:22:11 [32minfo[39m: База геоданных подключена
2026-01-28 23:22:11 [32minfo[39m: Подключение ко всем базам данных успешно выполнено
2026-01-28 23:22:11 [32minfo[39m: Сервер запущен на порту 5051
2026-01-28 23:22:15 [32minfo[39m: [object Object]
2026-01-28 23:22:43 [32minfo[39m: Результаты:
2026-01-28 23:24:50 [32minfo[39m: База пользователей подключена
2026-01-28 23:24:50 [32minfo[39m: Таблицы пользователей синхронизированы { alter: false } (dev)
2026-01-28 23:24:50 [32minfo[39m: База геоданных подключена
2026-01-28 23:24:50 [32minfo[39m: Подключение ко всем базам данных успешно выполнено
2026-01-28 23:24:50 [32minfo[39m: Сервер запущен на порту 5051
2026-01-28 23:25:26 [32minfo[39m: База пользователей подключена
2026-01-28 23:25:26 [32minfo[39m: Таблицы пользователей синхронизированы { alter: false } (dev)
2026-01-28 23:25:26 [32minfo[39m: База геоданных подключена
2026-01-28 23:25:26 [32minfo[39m: Подключение ко всем базам данных успешно выполнено
2026-01-28 23:25:26 [32minfo[39m: Сервер запущен на порту 5051
2026-01-28 23:25:52 [32minfo[39m: База пользователей подключена
2026-01-28 23:25:52 [32minfo[39m: Таблицы пользователей синхронизированы { alter: false } (dev)
2026-01-28 23:25:52 [32minfo[39m: База геоданных подключена
2026-01-28 23:25:52 [32minfo[39m: Подключение ко всем базам данных успешно выполнено
2026-01-28 23:25:52 [32minfo[39m: Сервер запущен на порту 5051
2026-01-28 23:27:49 [32minfo[39m: База пользователей подключена
2026-01-28 23:27:49 [32minfo[39m: Таблицы пользователей синхронизированы { alter: false } (dev)
2026-01-28 23:27:49 [32minfo[39m: База геоданных подключена
2026-01-28 23:27:49 [32minfo[39m: Подключение ко всем базам данных успешно выполнено
2026-01-28 23:27:49 [32minfo[39m: Сервер запущен на порту 5051
2026-01-28 23:27:51 [32minfo[39m: База пользователей подключена
2026-01-28 23:27:51 [32minfo[39m: Таблицы пользователей синхронизированы { alter: false } (dev)
2026-01-28 23:27:51 [32minfo[39m: База геоданных подключена
2026-01-28 23:27:51 [32minfo[39m: Подключение ко всем базам данных успешно выполнено
2026-01-28 23:27:51 [32minfo[39m: Сервер запущен на порту 5051
2026-01-28 23:27:54 [32minfo[39m: База пользователей подключена
2026-01-28 23:27:54 [32minfo[39m: Таблицы пользователей синхронизированы { alter: false } (dev)
2026-01-28 23:27:54 [32minfo[39m: База геоданных подключена
2026-01-28 23:27:54 [32minfo[39m: Подключение ко всем базам данных успешно выполнено
2026-01-28 23:27:54 [32minfo[39m: Сервер запущен на порту 5051
2026-01-28 23:27:56 [31merror[39m: points is not defined
2026-01-28 23:28:07 [32minfo[39m: База пользователей подключена
2026-01-28 23:28:07 [32minfo[39m: Таблицы пользователей синхронизированы { alter: false } (dev)
2026-01-28 23:28:07 [32minfo[39m: База геоданных подключена
2026-01-28 23:28:07 [32minfo[39m: Подключение ко всем базам данных успешно выполнено
2026-01-28 23:28:07 [32minfo[39m: Сервер запущен на порту 5051
2026-01-28 23:29:35 [32minfo[39m: База пользователей подключена
2026-01-28 23:29:35 [32minfo[39m: Таблицы пользователей синхронизированы { alter: false } (dev)
2026-01-28 23:29:35 [32minfo[39m: База геоданных подключена
2026-01-28 23:29:35 [32minfo[39m: Подключение ко всем базам данных успешно выполнено
2026-01-28 23:29:35 [32minfo[39m: Сервер запущен на порту 5051
2026-01-28 23:29:41 [32minfo[39m: База пользователей подключена
2026-01-28 23:29:41 [32minfo[39m: Таблицы пользователей синхронизированы { alter: false } (dev)
2026-01-28 23:29:42 [32minfo[39m: База геоданных подключена
2026-01-28 23:29:42 [32minfo[39m: Подключение ко всем базам данных успешно выполнено
2026-01-28 23:29:42 [32minfo[39m: Сервер запущен на порту 5051
